equipo,rival,fecha,local_visitante,goles_favor,goles_contra,resultado,tipo_partido,clima,temperatura,humedad,dias_descanso,tiros_puerta,posesion,lesionados,suspendidos
Alemania,Escocia,2026-05-31,Local,0,1,Derrota,Oficial,Nublado,18,69,7,6,56,3,0
Alemania,Noruega,2026-05-17,Local,1,1,Empate,Liga de Naciones,Soleado,18,37,9,4,47,0,0
Alemania,Portugal,2026-05-06,Visitante,1,1,Empate,Amistoso,Lluvia,16,81,6,7,48,3,0
Alemania,Bélgica,2026-04-26,Local,1,1,Empate,Eliminatoria,Soleado,29,41,6,6,51,1,0
Alemania,Suiza,2026-04-14,Visitante,0,1,Derrota,Amistoso,Caluroso,36,42,7,5,56,1,0
Alemania,República Checa,2026-04-04,Local,2,1,Victoria,Eliminatoria,Soleado,28,56,7,10,56,3,0
Alemania,Inglaterra,2026-03-25,Local,1,2,Derrota,Eliminatoria,Frio,8,67,4,6,51,1,0
Alemania,Jordania,2026-03-14,Visitante,3,3,Empate,Eliminatoria,Soleado,29,38,5,10,60,4,0
Alemania,Marruecos,2026-03-03,Visitante,0,4,Derrota,Eliminatoria,Lluvia,16,79,5,8,35,1,1
Alemania,Senegal,2026-02-18,Local,3,0,Victoria,Eliminatoria,Soleado,18,47,3,9,57,0,0
Alemania,Austria,11/02/2026,Local,3,2,Victoria,Eliminatoria,Caluroso,31,63,12,7,44,1,0
Alemania,Senegal,31/01/2026,Local,1,0,Victoria,Eliminatoria,Nublado,26,54,4,7,58,2,1
Alemania,Irak,28/01/2026,Local,2,0,Victoria,Amistoso,Soleado,9,54,5,9,68,0,0
Alemania,Noruega,19/01/2026,Local,1,0,Victoria,Oficial,Caluroso,27,75,5,4,58,1,0
Alemania,Bosnia y Herzegovina,14/01/2026,Local,2,0,Victoria,Oficial,Lluvia,15,78,12,8,61,0,0
Alemania,Egipto,03/01/2026,Local,3,0,Victoria,Amistoso,Frio,13,86,8,9,34,1,0
Alemania,República Democrática del Congo,27/12/2025,Local,3,0,Victoria,Eliminatoria,Lluvia,17,72,8,9,62,4,0
Alemania,Portugal,22/12/2025,Visitante,0,2,Derrota,Amistoso,Soleado,17,72,14,7,40,0,0
Alemania,Panamá,14/12/2025,Local,5,1,Victoria,Oficial,Frio,11,42,6,13,64,1,0
Alemania,Francia,08/12/2025,Local,1,0,Victoria,Oficial,Lluvia,7,66,14,6,30,1,0
Alemania,Noruega,03/12/2025,Local,3,0,Victoria,Oficial,Soleado,14,35,7,7,53,0,1
Alemania,Países Bajos,25/11/2025,Local,2,0,Victoria,Oficial,Nublado,33,49,10,7,40,0,0
Alemania,Sudáfrica,16/11/2025,Visitante,1,2,Derrota,Oficial,Frio,10,55,12,6,58,2,0
Alemania,Bosnia y Herzegovina,09/11/2025,Visitante,2,0,Victoria,Amistoso,Lluvia,21,69,5,9,60,1,0
Alemania,Senegal,02/11/2025,Visitante,5,1,Victoria,Copa,Frio,9,36,4,11,43,0,0
Alemania,Turquía,29/10/2025,Local,1,1,Empate,Eliminatoria,Caluroso,33,61,9,6,38,1,0
Alemania,Irak,19/10/2025,Visitante,1,0,Victoria,Liga de Naciones,Soleado,22,65,5,6,52,0,1
Alemania,Irak,11/10/2025,Visitante,3,1,Victoria,Oficial,Caluroso,35,78,14,10,67,1,0
Alemania,Haití,05/10/2025,Visitante,5,3,Victoria,Eliminatoria,Soleado,26,46,6,11,45,0,0
Alemania,Egipto,01/10/2025,Local,3,0,Victoria,Eliminatoria,Lluvia,31,72,9,9,49,3,0
Alemania,Suiza,24/09/2025,Visitante,1,2,Derrota,Oficial,Frio,11,64,9,9,44,0,1
Alemania,Arabia Saudita,16/09/2025,Visitante,3,0,Victoria,Amistoso,Lluvia,15,78,5,11,64,1,0
Alemania,Jordania,06/09/2025,Visitante,0,0,Empate,Liga de Naciones,Nublado,11,52,10,3,70,2,0
Alemania,Irán,03/09/2025,Local,2,1,Victoria,Oficial,Caluroso,30,38,12,7,38,1,0
Alemania,Australia,26/08/2025,Local,2,0,Victoria,Oficial,Soleado,8,49,4,9,55,2,0
Alemania,República Democrática del Congo,20/08/2025,Local,3,0,Victoria,Eliminatoria,Caluroso,31,51,14,11,64,0,0
Alemania,Noruega,11/08/2025,Local,2,0,Victoria,Amistoso,Lluvia,33,93,4,7,45,0,0
Alemania,Túnez,06/08/2025,Local,7,0,Victoria,Eliminatoria,Caluroso,27,39,7,13,67,0,1
Alemania,Panamá,27/07/2025,Local,1,2,Derrota,Eliminatoria,Lluvia,10,92,3,7,65,1,2
Alemania,Colombia,22/07/2025,Visitante,1,0,Victoria,Eliminatoria,Lluvia,20,67,9,2,63,0,0
Alemania,Noruega,16/07/2025,Local,4,0,Victoria,Eliminatoria,Soleado,32,44,6,11,75,0,0
Alemania,Bélgica,09/07/2025,Local,4,0,Victoria,Eliminatoria,Nublado,25,39,6,12,42,2,1
Alemania,Costa de Marfil,30/06/2025,Visitante,1,1,Empate,Amistoso,Nublado,14,88,7,8,58,0,0
Alemania,República Checa,24/06/2025,Local,3,0,Victoria,Oficial,Frio,8,77,14,12,47,0,0
Alemania,Países Bajos,14/06/2025,Visitante,1,3,Derrota,Amistoso,Caluroso,28,37,14,6,59,0,0
Alemania,Bélgica,07/06/2025,Local,2,3,Derrota,Amistoso,Caluroso,33,88,9,10,52,1,1
Alemania,Croacia,31/05/2025,Visitante,0,1,Derrota,Amistoso,Nublado,17,75,4,7,56,0,0
Alemania,Noruega,28/05/2025,Visitante,1,0,Victoria,Amistoso,Lluvia,14,88,4,8,46,1,0
Alemania,Catar,17/05/2025,Visitante,2,2,Empate,Liga de Naciones,Soleado,13,48,12,6,52,2,0
Alemania,Jordania,10/05/2025,Visitante,1,0,Victoria,Oficial,Frio,8,38,12,7,53,2,1
Arabia Saudita,Corea del Sur,2026-05-28,Visitante,0,4,Derrota,Oficial,Nublado,18,64,8,4,48,1,1
Arabia Saudita,Irán,2026-05-18,Visitante,1,1,Empate,Liga de Naciones,Lluvia,20,78,8,6,52,1,1
Arabia Saudita,Irak,2026-05-06,Local,2,2,Empate,Oficial,Nublado,21,74,4,6,54,0,0
Arabia Saudita,Jordania,2026-04-28,Local,2,0,Victoria,Amistoso,Soleado,27,37,8,7,54,1,0
Arabia Saudita,Australia,2026-04-15,Local,3,1,Victoria,Copa,Soleado,20,66,9,6,49,0,0
Arabia Saudita,Japón,2026-04-05,Visitante,0,2,Derrota,Eliminatoria,Soleado,30,50,3,3,50,2,1
Arabia Saudita,Uzbekistán,2026-03-26,Local,1,0,Victoria,Oficial,Nublado,16,60,9,6,53,0,0
Arabia Saudita,Austria,2026-03-13,Visitante,1,0,Victoria,Copa,Caluroso,29,56,8,3,45,1,0
Arabia Saudita,Países Bajos,2026-03-03,Local,4,2,Victoria,Copa,Soleado,26,61,9,8,56,1,0
Arabia Saudita,República Checa,2026-02-18,Local,3,1,Victoria,Eliminatoria,Nublado,21,81,9,7,47,3,0
Arabia Saudita,Irán,09/02/2026,Visitante,0,0,Empate,Copa,Caluroso,27,83,9,5,54,2,0
Arabia Saudita,Canadá,04/02/2026,Visitante,0,0,Empate,Liga de Naciones,Caluroso,33,71,6,3,42,1,0
Arabia Saudita,Japón,24/01/2026,Visitante,0,2,Derrota,Oficial,Lluvia,28,82,3,4,50,0,0
Arabia Saudita,República Checa,18/01/2026,Visitante,2,0,Victoria,Oficial,Nublado,30,66,3,6,54,0,0
Arabia Saudita,Irak,13/01/2026,Visitante,1,0,Victoria,Liga de Naciones,Frio,12,69,5,4,50,0,0
Arabia Saudita,Jordania,07/01/2026,Visitante,0,2,Derrota,Liga de Naciones,Caluroso,27,50,7,1,49,0,0
Arabia Saudita,Suecia,27/12/2025,Local,2,0,Victoria,Eliminatoria,Lluvia,30,89,10,6,36,0,0
Arabia Saudita,Costa de Marfil,22/12/2025,Visitante,0,2,Derrota,Oficial,Frio,5,67,12,6,55,1,0
Arabia Saudita,Ghana,14/12/2025,Visitante,0,2,Derrota,Oficial,Soleado,30,76,3,7,46,0,0
Arabia Saudita,Costa de Marfil,09/12/2025,Local,3,0,Victoria,Oficial,Nublado,7,82,3,9,48,2,0
Arabia Saudita,Austria,01/12/2025,Local,2,0,Victoria,Oficial,Nublado,30,65,3,5,50,0,0
Arabia Saudita,Paraguay,25/11/2025,Visitante,1,0,Victoria,Liga de Naciones,Nublado,32,48,14,5,58,0,0
Arabia Saudita,Austria,17/11/2025,Local,2,4,Derrota,Oficial,Lluvia,10,77,3,6,49,0,0
Arabia Saudita,Paraguay,09/11/2025,Local,3,0,Victoria,Amistoso,Lluvia,5,78,4,9,35,1,3
Arabia Saudita,Colombia,03/11/2025,Local,0,0,Empate,Liga de Naciones,Lluvia,22,93,10,5,59,1,0
Arabia Saudita,Ecuador,27/10/2025,Visitante,1,1,Empate,Oficial,Nublado,11,37,6,4,55,2,1
Arabia Saudita,Inglaterra,18/10/2025,Visitante,0,1,Derrota,Liga de Naciones,Lluvia,12,81,14,5,39,0,0
Arabia Saudita,Jordania,11/10/2025,Local,3,0,Victoria,Oficial,Nublado,23,58,5,10,46,0,0
Arabia Saudita,México,06/10/2025,Local,0,0,Empate,Oficial,Lluvia,19,94,4,4,42,1,0
Arabia Saudita,Costa de Marfil,29/09/2025,Local,1,0,Victoria,Eliminatoria,Caluroso,31,86,7,6,56,0,0
Arabia Saudita,Cabo Verde,24/09/2025,Visitante,0,1,Derrota,Oficial,Nublado,8,86,4,6,50,1,0
Arabia Saudita,Uzbekistán,16/09/2025,Visitante,1,0,Victoria,Oficial,Frio,9,60,9,6,41,0,0
Arabia Saudita,Túnez,07/09/2025,Visitante,0,1,Derrota,Eliminatoria,Caluroso,27,85,8,4,40,0,0
Arabia Saudita,Países Bajos,30/08/2025,Local,1,0,Victoria,Oficial,Lluvia,25,75,4,4,44,3,1
Arabia Saudita,Costa de Marfil,27/08/2025,Local,0,1,Derrota,Liga de Naciones,Lluvia,29,89,4,2,45,0,0
Arabia Saudita,Argelia,18/08/2025,Visitante,0,3,Derrota,Oficial,Soleado,30,65,14,3,44,0,0
Arabia Saudita,Túnez,09/08/2025,Local,0,1,Derrota,Amistoso,Lluvia,21,78,6,3,57,0,1
Arabia Saudita,Suiza,03/08/2025,Visitante,0,2,Derrota,Copa,Lluvia,24,75,7,4,48,0,0
Arabia Saudita,Noruega,27/07/2025,Visitante,1,3,Derrota,Oficial,Caluroso,33,58,7,7,58,3,0
Arabia Saudita,Suiza,20/07/2025,Local,3,1,Victoria,Oficial,Caluroso,30,73,12,8,48,0,0
Arabia Saudita,Canadá,13/07/2025,Local,4,0,Victoria,Oficial,Nublado,12,67,10,7,61,0,1
Arabia Saudita,Panamá,05/07/2025,Local,3,1,Victoria,Eliminatoria,Caluroso,35,46,3,8,60,0,1
Arabia Saudita,República Democrática del Congo,28/06/2025,Visitante,2,0,Victoria,Amistoso,Nublado,11,76,12,6,55,1,1
Arabia Saudita,Brasil,22/06/2025,Visitante,2,5,Derrota,Copa,Caluroso,34,79,12,8,51,0,0
Arabia Saudita,Sudáfrica,15/06/2025,Visitante,0,1,Derrota,Amistoso,Lluvia,30,66,5,9,48,1,1
Arabia Saudita,Egipto,10/06/2025,Local,1,2,Derrota,Liga de Naciones,Frio,3,58,10,7,30,2,0
Arabia Saudita,Jordania,03/06/2025,Visitante,0,2,Derrota,Eliminatoria,Soleado,16,64,9,4,45,2,0
Arabia Saudita,Cabo Verde,24/05/2025,Local,1,0,Victoria,Amistoso,Frio,13,54,6,8,55,1,1
Arabia Saudita,Panamá,20/05/2025,Local,1,2,Derrota,Amistoso,Nublado,28,49,8,5,56,1,0
Arabia Saudita,Suecia,14/05/2025,Local,1,2,Derrota,Liga de Naciones,Lluvia,15,69,8,8,59,0,0
Argelia,Ghana,2026-05-28,Local,3,0,Victoria,Copa,Soleado,21,63,8,9,51,1,0
Argelia,Sudáfrica,2026-05-18,Visitante,1,1,Empate,Copa,Soleado,27,47,7,8,47,1,0
Argelia,República Democrática del Congo,2026-05-09,Local,2,0,Victoria,Copa,Nublado,16,85,8,8,46,1,0
Argelia,Túnez,2026-04-27,Local,3,0,Victoria,Oficial,Soleado,29,63,5,8,56,0,0
Argelia,Senegal,2026-04-14,Local,1,1,Empate,Eliminatoria,Caluroso,34,51,8,5,49,3,0
Argelia,Costa de Marfil,2026-04-06,Local,1,2,Derrota,Liga de Naciones,Soleado,18,50,6,6,58,0,0
Argelia,Egipto,2026-03-26,Visitante,2,1,Victoria,Eliminatoria,Soleado,27,42,6,5,49,1,0
Argelia,Bosnia y Herzegovina,2026-03-14,Local,0,1,Derrota,Eliminatoria,Lluvia,19,74,3,7,62,0,0
Argelia,Irán,2026-03-04,Local,3,3,Empate,Eliminatoria,Soleado,25,56,5,7,54,1,0
Argelia,Colombia,2026-02-21,Visitante,1,1,Empate,Liga de Naciones,Soleado,21,67,9,5,53,2,0
Argelia,Egipto,10/02/2026,Local,0,0,Empate,Eliminatoria,Frio,3,86,4,5,62,1,0
Argelia,Egipto,07/02/2026,Local,1,0,Victoria,Liga de Naciones,Caluroso,28,85,5,6,55,0,0
Argelia,Austria,27/01/2026,Local,0,0,Empate,Liga de Naciones,Frio,6,56,10,5,49,1,0
Argelia,Irán,21/01/2026,Visitante,1,4,Derrota,Eliminatoria,Nublado,6,69,3,10,65,1,0
Argelia,Cabo Verde,15/01/2026,Visitante,1,1,Empate,Oficial,Lluvia,25,71,14,3,55,2,0
Argelia,Irak,08/01/2026,Local,3,1,Victoria,Liga de Naciones,Caluroso,30,76,12,6,52,1,0
Argelia,Suecia,01/01/2026,Local,0,3,Derrota,Amistoso,Nublado,23,63,3,4,62,1,1
Argelia,Japón,25/12/2025,Local,1,2,Derrota,Oficial,Caluroso,32,74,10,6,51,1,0
Argelia,Nueva Zelanda,18/12/2025,Visitante,2,1,Victoria,Copa,Caluroso,25,72,5,8,56,0,0
Argelia,Catar,12/12/2025,Visitante,1,0,Victoria,Amistoso,Nublado,17,58,3,7,52,3,0
Argelia,Arabia Saudita,02/12/2025,Visitante,0,2,Derrota,Copa,Soleado,24,39,12,6,51,0,1
Argelia,Brasil,27/11/2025,Visitante,1,5,Derrota,Eliminatoria,Nublado,27,83,3,6,36,1,0
Argelia,Túnez,20/11/2025,Visitante,0,0,Empate,Liga de Naciones,Lluvia,32,80,9,7,58,1,0
Argelia,Egipto,12/11/2025,Visitante,2,0,Victoria,Amistoso,Caluroso,31,58,6,8,34,0,0
Argelia,Croacia,08/11/2025,Visitante,0,2,Derrota,Oficial,Soleado,32,59,12,6,59,0,0
Argelia,Nueva Zelanda,31/10/2025,Local,2,0,Victoria,Eliminatoria,Lluvia,21,90,14,5,60,1,1
Argelia,Jordania,23/10/2025,Visitante,4,1,Victoria,Oficial,Lluvia,9,89,5,8,54,0,2
Argelia,Túnez,17/10/2025,Visitante,0,1,Derrota,Eliminatoria,Caluroso,27,69,10,5,49,2,1
Argelia,Inglaterra,11/10/2025,Visitante,0,1,Derrota,Liga de Naciones,Caluroso,30,85,7,3,47,1,1
Argelia,Países Bajos,03/10/2025,Visitante,0,1,Derrota,Eliminatoria,Lluvia,9,88,3,3,49,1,0
Argelia,Paraguay,24/09/2025,Local,0,1,Derrota,Liga de Naciones,Caluroso,28,39,10,6,51,3,0
Argelia,Francia,19/09/2025,Local,0,1,Derrota,Liga de Naciones,Nublado,22,64,6,2,50,3,0
Argelia,Francia,12/09/2025,Visitante,0,3,Derrota,Amistoso,Nublado,11,80,6,6,50,1,0
Argelia,República Checa,03/09/2025,Local,0,1,Derrota,Eliminatoria,Lluvia,32,71,14,4,57,1,2
Argelia,Costa de Marfil,26/08/2025,Visitante,2,3,Derrota,Amistoso,Nublado,28,59,3,9,41,1,1
Argelia,Marruecos,21/08/2025,Visitante,1,1,Empate,Copa,Caluroso,29,39,10,6,38,0,0
Argelia,Inglaterra,12/08/2025,Local,1,4,Derrota,Oficial,Frio,5,67,8,6,41,1,1
Argelia,Francia,07/08/2025,Local,0,2,Derrota,Amistoso,Soleado,34,69,5,6,35,2,1
Argelia,Jordania,01/08/2025,Local,0,0,Empate,Oficial,Soleado,19,36,6,6,69,1,0
Argelia,Marruecos,26/07/2025,Local,2,0,Victoria,Oficial,Nublado,29,67,3,9,49,3,0
Argelia,Escocia,19/07/2025,Visitante,1,0,Victoria,Eliminatoria,Soleado,18,81,8,9,45,1,0
Argelia,Costa de Marfil,12/07/2025,Local,2,0,Victoria,Amistoso,Lluvia,26,93,9,10,50,0,0
Argelia,Australia,04/07/2025,Local,2,0,Victoria,Copa,Frio,4,52,10,7,65,2,0
Argelia,República Democrática del Congo,25/06/2025,Visitante,1,2,Derrota,Eliminatoria,Frio,11,64,12,6,44,0,1
Argelia,Curazao,17/06/2025,Local,0,1,Derrota,Eliminatoria,Caluroso,34,56,5,6,64,1,1
Argelia,Uzbekistán,14/06/2025,Local,0,2,Derrota,Oficial,Lluvia,9,89,6,7,46,0,1
Argelia,Argentina,04/06/2025,Visitante,0,1,Derrota,Liga de Naciones,Nublado,10,64,8,3,46,3,1
Argelia,Ecuador,30/05/2025,Local,1,1,Empate,Amistoso,Lluvia,28,66,8,7,46,1,0
Argelia,Colombia,20/05/2025,Visitante,1,4,Derrota,Oficial,Soleado,11,67,4,4,42,1,0
Argelia,Arabia Saudita,13/05/2025,Local,4,0,Victoria,Eliminatoria,Nublado,9,68,9,10,52,0,0
Argentina,Paraguay,2026-05-29,Visitante,1,1,Empate,Amistoso,Nublado,18,56,5,7,53,0,1
Argentina,Uruguay,2026-05-20,Local,4,0,Victoria,Copa,Nublado,17,85,4,9,61,1,0
Argentina,Brasil,2026-05-06,Local,1,2,Derrota,Liga de Naciones,Soleado,28,55,4,8,55,0,1
Argentina,Colombia,2026-04-26,Visitante,0,2,Derrota,Copa,Lluvia,19,78,6,6,56,1,0
Argentina,Ecuador,2026-04-17,Local,4,1,Victoria,Amistoso,Soleado,18,67,4,11,54,3,0
Argentina,Cabo Verde,2026-04-04,Visitante,3,0,Victoria,Oficial,Soleado,25,69,4,10,45,0,2
Argentina,Canadá,2026-03-23,Local,1,0,Victoria,Amistoso,Soleado,28,50,3,8,57,2,0
Argentina,Alemania,2026-03-15,Visitante,1,2,Derrota,Oficial,Soleado,25,66,7,6,58,0,1
Argentina,Australia,2026-03-01,Visitante,3,1,Victoria,Eliminatoria,Soleado,23,40,9,12,34,1,0
Argentina,Noruega,2026-02-18,Visitante,3,0,Victoria,Eliminatoria,Nublado,24,55,3,9,50,2,0
Argentina,Catar,08/02/2026,Local,1,0,Victoria,Oficial,Lluvia,9,78,7,7,63,3,0
Argentina,Noruega,01/02/2026,Local,0,0,Empate,Liga de Naciones,Soleado,22,38,3,4,59,1,0
Argentina,Inglaterra,25/01/2026,Local,0,0,Empate,Liga de Naciones,Soleado,9,69,12,6,52,3,0
Argentina,Escocia,21/01/2026,Visitante,0,0,Empate,Eliminatoria,Soleado,34,38,7,9,44,1,1
Argentina,Catar,12/01/2026,Visitante,1,0,Victoria,Liga de Naciones,Frio,7,62,9,7,52,0,0
Argentina,Suiza,06/01/2026,Visitante,0,0,Empate,Eliminatoria,Lluvia,18,78,14,2,41,0,0
Argentina,Jordania,29/12/2025,Local,2,0,Victoria,Eliminatoria,Frio,4,64,7,5,60,1,0
Argentina,Noruega,20/12/2025,Local,3,2,Victoria,Oficial,Nublado,29,48,10,11,45,2,0
Argentina,Alemania,15/12/2025,Local,0,1,Derrota,Eliminatoria,Lluvia,23,78,8,5,50,1,1
Argentina,Japón,10/12/2025,Local,1,0,Victoria,Liga de Naciones,Nublado,30,61,10,9,43,2,1
Argentina,Francia,03/12/2025,Local,1,0,Victoria,Oficial,Frio,8,38,3,5,50,0,0
Argentina,Francia,25/11/2025,Local,2,0,Victoria,Oficial,Soleado,16,65,10,9,50,1,0
Argentina,Japón,19/11/2025,Local,1,0,Victoria,Eliminatoria,Caluroso,33,43,6,6,61,4,1
Argentina,Marruecos,11/11/2025,Visitante,0,0,Empate,Eliminatoria,Nublado,15,52,10,4,56,4,0
Argentina,Turquía,04/11/2025,Local,0,2,Derrota,Oficial,Frio,14,60,8,8,59,0,0
Argentina,Túnez,28/10/2025,Visitante,3,0,Victoria,Amistoso,Caluroso,29,81,6,9,50,0,0
Argentina,Austria,19/10/2025,Visitante,2,0,Victoria,Oficial,Caluroso,27,37,12,9,46,0,0
Argentina,Catar,13/10/2025,Local,4,1,Victoria,Oficial,Caluroso,29,37,8,10,59,4,1
Argentina,Irán,04/10/2025,Local,3,0,Victoria,Amistoso,Lluvia,22,83,10,9,56,0,0
Argentina,Sudáfrica,01/10/2025,Local,2,0,Victoria,Amistoso,Frio,9,36,5,7,47,0,1
Argentina,Paraguay,22/09/2025,Visitante,4,0,Victoria,Oficial,Frio,7,55,7,11,59,3,0
Argentina,Irán,16/09/2025,Visitante,3,1,Victoria,Eliminatoria,Soleado,15,36,14,9,50,2,0
Argentina,Ecuador,10/09/2025,Visitante,0,1,Derrota,Copa,Caluroso,29,74,10,9,52,1,0
Argentina,Egipto,01/09/2025,Visitante,2,1,Victoria,Oficial,Soleado,23,84,12,8,62,0,0
Argentina,Egipto,24/08/2025,Local,5,0,Victoria,Eliminatoria,Nublado,8,84,7,14,48,1,0
Argentina,Colombia,20/08/2025,Visitante,1,1,Empate,Liga de Naciones,Nublado,27,85,6,3,49,0,0
Argentina,Bélgica,12/08/2025,Local,0,2,Derrota,Amistoso,Lluvia,10,92,4,4,46,0,1
Argentina,Uzbekistán,03/08/2025,Visitante,5,0,Victoria,Eliminatoria,Lluvia,17,80,14,11,53,1,0
Argentina,Panamá,27/07/2025,Visitante,2,0,Victoria,Eliminatoria,Soleado,17,84,3,8,57,1,0
Argentina,Curazao,21/07/2025,Local,4,0,Victoria,Liga de Naciones,Frio,12,39,12,11,55,2,0
Argentina,Uzbekistán,16/07/2025,Local,2,0,Victoria,Oficial,Lluvia,19,74,5,8,40,0,0
Argentina,Sudáfrica,05/07/2025,Local,2,0,Victoria,Copa,Nublado,28,71,12,7,66,1,0
Argentina,Alemania,28/06/2025,Visitante,3,0,Victoria,Liga de Naciones,Soleado,19,55,8,7,57,3,0
Argentina,Arabia Saudita,21/06/2025,Visitante,4,1,Victoria,Copa,Nublado,31,36,9,13,43,0,0
Argentina,Países Bajos,15/06/2025,Visitante,0,0,Empate,Liga de Naciones,Frio,13,80,6,5,35,1,1
Argentina,Inglaterra,08/06/2025,Local,1,0,Victoria,Copa,Frio,3,72,3,5,54,1,1
Argentina,Uzbekistán,31/05/2025,Visitante,1,3,Derrota,Eliminatoria,Soleado,29,57,5,7,47,0,1
Argentina,Curazao,28/05/2025,Visitante,1,0,Victoria,Eliminatoria,Lluvia,26,67,8,5,44,0,0
Argentina,Portugal,18/05/2025,Local,3,0,Victoria,Eliminatoria,Frio,12,87,12,10,45,0,0
Argentina,República Checa,13/05/2025,Visitante,3,0,Victoria,Eliminatoria,Lluvia,20,89,4,10,54,1,0
Australia,Arabia Saudita,2026-05-29,Local,2,0,Victoria,Amistoso,Soleado,27,65,8,8,63,0,0
Australia,Catar,2026-05-17,Local,1,2,Derrota,Eliminatoria,Soleado,30,55,6,8,52,3,2
Australia,Uzbekistán,2026-05-07,Visitante,2,2,Empate,Copa,Soleado,26,61,6,9,42,0,0
Australia,Jordania,2026-04-27,Local,2,1,Victoria,Copa,Soleado,30,48,7,8,57,0,1
Australia,Japón,2026-04-16,Local,0,3,Derrota,Amistoso,Soleado,25,44,5,5,55,0,0
Australia,Irak,2026-04-04,Visitante,0,0,Empate,Amistoso,Soleado,26,38,7,5,36,0,0
Australia,Irán,2026-03-23,Visitante,4,0,Victoria,Liga de Naciones,Soleado,18,43,9,12,43,1,1
Australia,Canadá,2026-03-13,Local,3,0,Victoria,Copa,Caluroso,31,56,4,10,50,3,1
Australia,Brasil,2026-03-02,Visitante,0,2,Derrota,Eliminatoria,Soleado,20,57,3,6,47,1,0
Australia,República Democrática del Congo,2026-02-18,Visitante,3,1,Victoria,Liga de Naciones,Soleado,25,59,4,9,51,1,1
Australia,Países Bajos,11/02/2026,Visitante,0,2,Derrota,Liga de Naciones,Nublado,15,85,3,5,50,0,1
Australia,Estados Unidos,01/02/2026,Visitante,1,0,Victoria,Amistoso,Soleado,31,73,5,5,54,1,0
Australia,Argelia,24/01/2026,Visitante,1,0,Victoria,Oficial,Frio,9,39,7,6,49,1,2
Australia,Suiza,20/01/2026,Visitante,1,1,Empate,Amistoso,Caluroso,33,39,3,8,39,0,0
Australia,México,12/01/2026,Local,1,2,Derrota,Oficial,Nublado,28,41,7,9,49,2,1
Australia,Catar,06/01/2026,Visitante,1,1,Empate,Liga de Naciones,Soleado,26,75,4,5,46,2,1
Australia,Inglaterra,31/12/2025,Visitante,1,3,Derrota,Eliminatoria,Nublado,25,73,10,9,54,0,1
Australia,Irak,23/12/2025,Local,1,3,Derrota,Eliminatoria,Frio,11,59,6,7,43,2,0
Australia,Sudáfrica,16/12/2025,Local,1,1,Empate,Eliminatoria,Frio,3,53,14,7,61,0,0
Australia,Curazao,07/12/2025,Visitante,0,0,Empate,Amistoso,Soleado,15,80,7,3,47,0,2
Australia,Bosnia y Herzegovina,01/12/2025,Local,1,0,Victoria,Eliminatoria,Caluroso,32,54,7,6,56,0,0
Australia,Argentina,22/11/2025,Local,0,0,Empate,Amistoso,Caluroso,29,84,14,3,54,0,0
Australia,Curazao,15/11/2025,Visitante,1,0,Victoria,Copa,Frio,11,42,8,5,66,2,1
Australia,Países Bajos,12/11/2025,Local,0,1,Derrota,Liga de Naciones,Frio,11,45,12,5,51,2,0
Australia,Senegal,03/11/2025,Visitante,1,0,Victoria,Amistoso,Nublado,25,56,10,6,42,0,0
Australia,Ghana,26/10/2025,Local,2,0,Victoria,Amistoso,Nublado,26,61,7,6,68,1,0
Australia,Croacia,20/10/2025,Visitante,0,5,Derrota,Liga de Naciones,Frio,11,81,6,6,54,1,0
Australia,Sudáfrica,11/10/2025,Local,2,1,Victoria,Eliminatoria,Frio,11,53,14,4,45,0,0
Australia,Países Bajos,07/10/2025,Visitante,1,1,Empate,Copa,Caluroso,27,40,14,4,45,1,0
Australia,España,28/09/2025,Visitante,0,1,Derrota,Amistoso,Soleado,21,38,6,3,46,2,2
Australia,Cabo Verde,20/09/2025,Visitante,0,2,Derrota,Liga de Naciones,Caluroso,29,80,5,5,48,1,0
Australia,Paraguay,17/09/2025,Local,0,1,Derrota,Amistoso,Nublado,17,36,10,6,59,3,0
Australia,Inglaterra,07/09/2025,Local,0,1,Derrota,Copa,Lluvia,29,79,8,3,30,3,1
Australia,Túnez,03/09/2025,Local,0,2,Derrota,Eliminatoria,Caluroso,34,43,6,4,56,2,0
Australia,Catar,23/08/2025,Visitante,1,1,Empate,Copa,Frio,4,48,7,5,55,5,0
Australia,Uzbekistán,17/08/2025,Visitante,0,2,Derrota,Oficial,Lluvia,21,82,10,7,44,2,0
Australia,República Checa,09/08/2025,Local,0,0,Empate,Copa,Nublado,23,85,3,4,60,1,0
Australia,Croacia,03/08/2025,Visitante,0,4,Derrota,Liga de Naciones,Soleado,28,36,3,6,44,1,2
Australia,Estados Unidos,28/07/2025,Visitante,1,2,Derrota,Eliminatoria,Caluroso,27,49,3,5,43,3,0
Australia,Estados Unidos,22/07/2025,Local,3,1,Victoria,Oficial,Lluvia,7,76,4,6,70,0,0
Australia,Haití,13/07/2025,Local,2,0,Victoria,Liga de Naciones,Lluvia,23,75,8,5,68,0,0
Australia,Inglaterra,09/07/2025,Local,2,2,Empate,Liga de Naciones,Soleado,25,80,4,6,52,2,0
Australia,Argentina,30/06/2025,Visitante,2,1,Victoria,Liga de Naciones,Soleado,28,55,3,11,35,0,0
Australia,Irán,24/06/2025,Local,2,2,Empate,Copa,Nublado,22,59,3,8,66,0,0
Australia,Ecuador,15/06/2025,Visitante,1,0,Victoria,Eliminatoria,Soleado,14,43,3,3,34,2,0
Australia,Panamá,11/06/2025,Visitante,0,2,Derrota,Eliminatoria,Frio,11,59,9,2,36,0,0
Australia,Curazao,04/06/2025,Local,1,1,Empate,Eliminatoria,Caluroso,28,48,3,9,64,3,1
Australia,Nueva Zelanda,25/05/2025,Local,0,0,Empate,Oficial,Nublado,19,78,12,5,52,1,0
Australia,España,19/05/2025,Local,1,1,Empate,Liga de Naciones,Frio,9,49,14,9,51,2,0
Australia,Túnez,12/05/2025,Visitante,0,1,Derrota,Liga de Naciones,Caluroso,29,55,5,9,60,0,2
Austria,Alemania,2026-05-31,Local,0,2,Derrota,Eliminatoria,Nublado,15,78,8,5,59,0,0
Austria,Croacia,2026-05-17,Local,1,0,Victoria,Eliminatoria,Soleado,30,65,6,5,47,1,0
Austria,República Checa,2026-05-07,Visitante,2,1,Victoria,Eliminatoria,Soleado,19,54,3,7,45,1,0
Austria,Noruega,2026-04-27,Visitante,2,3,Derrota,Eliminatoria,Frio,5,56,4,7,57,1,0
Austria,España,2026-04-15,Visitante,0,1,Derrota,Eliminatoria,Soleado,18,49,4,4,40,2,0
Austria,Turquía,2026-04-05,Visitante,1,0,Victoria,Eliminatoria,Nublado,18,77,3,7,48,0,0
Austria,Francia,2026-03-26,Visitante,0,4,Derrota,Eliminatoria,Caluroso,36,62,5,6,48,2,1
Austria,Catar,2026-03-15,Visitante,1,0,Victoria,Copa,Lluvia,18,90,9,7,56,0,1
Austria,Ghana,2026-03-04,Local,0,0,Empate,Oficial,Soleado,30,69,4,4,54,0,0
Austria,Nueva Zelanda,2026-02-21,Local,1,1,Empate,Eliminatoria,Nublado,18,70,6,6,55,0,0
Austria,Nueva Zelanda,13/02/2026,Visitante,2,1,Victoria,Oficial,Soleado,5,47,14,7,67,4,0
Austria,Ghana,07/02/2026,Visitante,2,4,Derrota,Oficial,Nublado,31,86,7,7,45,1,0
Austria,Curazao,28/01/2026,Visitante,6,1,Victoria,Copa,Caluroso,28,37,10,10,57,0,1
Austria,España,22/01/2026,Visitante,0,2,Derrota,Oficial,Nublado,26,73,5,1,46,0,1
Austria,Alemania,15/01/2026,Visitante,1,1,Empate,Amistoso,Caluroso,31,50,3,7,45,3,0
Austria,Marruecos,07/01/2026,Local,0,0,Empate,Liga de Naciones,Nublado,26,67,7,6,47,0,1
Austria,Sudáfrica,30/12/2025,Visitante,1,4,Derrota,Copa,Nublado,17,61,12,4,42,2,0
Austria,Inglaterra,26/12/2025,Local,2,0,Victoria,Oficial,Caluroso,28,59,12,9,44,3,0
Austria,Brasil,16/12/2025,Local,4,1,Victoria,Copa,Caluroso,29,40,6,12,38,3,0
Austria,Nueva Zelanda,10/12/2025,Visitante,2,0,Victoria,Oficial,Caluroso,31,65,8,7,62,0,0
Austria,Costa de Marfil,02/12/2025,Visitante,4,1,Victoria,Amistoso,Caluroso,29,46,10,13,31,2,0
Austria,Bosnia y Herzegovina,27/11/2025,Visitante,0,1,Derrota,Eliminatoria,Nublado,25,63,7,8,52,0,0
Austria,Jordania,21/11/2025,Visitante,2,1,Victoria,Liga de Naciones,Lluvia,17,73,8,8,37,3,0
Austria,Argelia,12/11/2025,Visitante,1,2,Derrota,Liga de Naciones,Soleado,16,87,12,6,67,3,0
Austria,República Checa,04/11/2025,Local,3,1,Victoria,Copa,Frio,6,41,4,6,57,1,0
Austria,Japón,01/11/2025,Visitante,0,0,Empate,Liga de Naciones,Soleado,27,82,9,4,51,0,0
Austria,Senegal,21/10/2025,Visitante,1,2,Derrota,Eliminatoria,Caluroso,35,58,6,7,57,0,0
Austria,Corea del Sur,14/10/2025,Visitante,2,1,Victoria,Eliminatoria,Caluroso,32,81,9,6,59,1,0
Austria,Uruguay,10/10/2025,Visitante,1,2,Derrota,Liga de Naciones,Nublado,12,67,12,9,55,2,0
Austria,Uruguay,02/10/2025,Visitante,1,1,Empate,Amistoso,Nublado,10,40,5,6,45,2,1
Austria,Suiza,23/09/2025,Local,2,1,Victoria,Copa,Frio,6,87,14,9,48,1,0
Austria,República Checa,17/09/2025,Local,3,1,Victoria,Amistoso,Soleado,7,69,6,7,66,1,0
Austria,Corea del Sur,10/09/2025,Local,0,0,Empate,Eliminatoria,Frio,12,53,14,7,50,2,1
Austria,Alemania,04/09/2025,Local,1,1,Empate,Oficial,Soleado,23,50,12,6,51,1,0
Austria,Suecia,29/08/2025,Local,3,1,Victoria,Oficial,Soleado,15,86,3,9,72,0,0
Austria,Francia,22/08/2025,Local,1,1,Empate,Amistoso,Lluvia,16,68,14,7,49,1,0
Austria,Portugal,14/08/2025,Local,1,0,Victoria,Copa,Lluvia,22,93,12,7,51,0,0
Austria,Argelia,05/08/2025,Local,1,2,Derrota,Oficial,Lluvia,28,89,4,5,57,0,0
Austria,Uruguay,30/07/2025,Local,0,1,Derrota,Amistoso,Caluroso,33,69,8,5,44,3,0
Austria,Panamá,26/07/2025,Local,2,1,Victoria,Copa,Lluvia,6,69,4,9,52,1,1
Austria,Estados Unidos,18/07/2025,Local,2,0,Victoria,Liga de Naciones,Lluvia,7,76,6,11,54,0,0
Austria,Marruecos,11/07/2025,Visitante,1,1,Empate,Oficial,Frio,8,68,9,7,50,1,0
Austria,Japón,02/07/2025,Visitante,0,0,Empate,Amistoso,Frio,4,36,6,4,58,0,0
Austria,Japón,27/06/2025,Visitante,0,1,Derrota,Liga de Naciones,Nublado,23,53,8,6,48,1,0
Austria,Irán,17/06/2025,Visitante,2,0,Victoria,Oficial,Frio,3,49,5,6,65,0,1
Austria,Marruecos,10/06/2025,Local,2,0,Victoria,Eliminatoria,Nublado,31,69,14,9,61,2,0
Austria,Jordania,07/06/2025,Local,2,0,Victoria,Oficial,Soleado,33,87,3,9,54,0,1
Austria,Haití,27/05/2025,Local,3,2,Victoria,Amistoso,Frio,3,69,10,8,71,0,0
Austria,Curazao,20/05/2025,Visitante,1,1,Empate,Oficial,Soleado,14,47,4,2,46,0,0
Austria,Australia,16/05/2025,Visitante,3,1,Victoria,Oficial,Soleado,20,38,3,5,53,0,0
Bélgica,Austria,2026-05-28,Local,0,1,Derrota,Amistoso,Caluroso,29,60,6,4,50,1,1
Bélgica,Escocia,2026-05-20,Local,3,0,Victoria,Copa,Lluvia,23,94,7,9,49,1,0
Bélgica,Portugal,2026-05-09,Visitante,1,1,Empate,Oficial,Caluroso,34,43,8,5,52,1,1
Bélgica,Croacia,2026-04-26,Local,2,3,Derrota,Eliminatoria,Soleado,19,39,6,9,64,3,0
Bélgica,Suiza,2026-04-16,Visitante,0,2,Derrota,Liga de Naciones,Lluvia,17,85,3,5,47,2,0
Bélgica,Alemania,2026-04-04,Local,2,0,Victoria,Eliminatoria,Soleado,26,42,3,9,56,2,0
Bélgica,Francia,2026-03-25,Local,1,1,Empate,Eliminatoria,Frio,11,47,5,4,49,0,1
Bélgica,Canadá,2026-03-12,Local,1,0,Victoria,Oficial,Frio,7,66,7,6,52,1,0
Bélgica,Sudáfrica,2026-03-03,Visitante,1,1,Empate,Eliminatoria,Lluvia,16,79,7,6,52,2,0
Bélgica,Costa de Marfil,2026-02-21,Visitante,4,2,Victoria,Oficial,Nublado,14,66,5,13,58,1,0
Bélgica,Senegal,10/02/2026,Local,1,1,Empate,Eliminatoria,Frio,9,50,4,10,53,3,3
Bélgica,Australia,05/02/2026,Visitante,6,0,Victoria,Oficial,Nublado,6,69,8,13,55,0,0
Bélgica,Noruega,30/01/2026,Local,5,0,Victoria,Copa,Caluroso,35,46,12,13,66,0,2
Bélgica,España,23/01/2026,Visitante,1,2,Derrota,Amistoso,Nublado,22,59,5,10,49,0,0
Bélgica,Marruecos,15/01/2026,Local,0,0,Empate,Oficial,Soleado,26,46,10,5,51,0,0
Bélgica,Costa de Marfil,06/01/2026,Visitante,1,1,Empate,Oficial,Lluvia,24,87,4,4,46,3,0
Bélgica,Curazao,31/12/2025,Local,3,0,Victoria,Amistoso,Nublado,26,36,6,9,62,3,0
Bélgica,Paraguay,27/12/2025,Local,4,0,Victoria,Eliminatoria,Caluroso,29,84,6,11,69,2,0
Bélgica,República Checa,18/12/2025,Local,0,0,Empate,Eliminatoria,Lluvia,30,94,14,5,58,1,0
Bélgica,Alemania,09/12/2025,Visitante,2,1,Victoria,Amistoso,Lluvia,9,83,10,11,47,1,1
Bélgica,México,05/12/2025,Local,0,0,Empate,Oficial,Frio,10,38,9,5,71,1,0
Bélgica,Catar,26/11/2025,Visitante,2,1,Victoria,Amistoso,Frio,14,80,5,7,40,2,0
Bélgica,Inglaterra,22/11/2025,Local,1,3,Derrota,Copa,Soleado,21,63,12,6,57,2,0
Bélgica,España,15/11/2025,Visitante,0,2,Derrota,Oficial,Lluvia,26,82,9,6,53,3,0
Bélgica,Costa de Marfil,06/11/2025,Local,2,0,Victoria,Liga de Naciones,Caluroso,30,53,7,8,41,1,0
Bélgica,Senegal,30/10/2025,Local,2,1,Victoria,Liga de Naciones,Lluvia,10,80,7,7,75,1,0
Bélgica,Irán,22/10/2025,Local,0,1,Derrota,Eliminatoria,Frio,11,81,8,9,40,1,0
Bélgica,Turquía,16/10/2025,Local,2,1,Victoria,Oficial,Soleado,5,45,4,8,58,2,0
Bélgica,Uzbekistán,10/10/2025,Local,1,1,Empate,Copa,Soleado,18,84,14,9,65,0,0
Bélgica,Australia,02/10/2025,Local,4,0,Victoria,Liga de Naciones,Frio,11,53,6,12,63,2,0
Bélgica,República Democrática del Congo,25/09/2025,Local,1,1,Empate,Amistoso,Nublado,29,84,7,6,55,0,0
Bélgica,Uruguay,20/09/2025,Local,2,0,Victoria,Amistoso,Caluroso,27,62,9,8,61,1,0
Bélgica,Argelia,13/09/2025,Visitante,3,1,Victoria,Eliminatoria,Caluroso,29,38,4,7,56,1,0
Bélgica,Argelia,04/09/2025,Local,5,0,Victoria,Oficial,Lluvia,29,86,6,13,49,2,1
Bélgica,Corea del Sur,27/08/2025,Local,0,0,Empate,Liga de Naciones,Soleado,6,75,6,6,54,0,0
Bélgica,Ecuador,21/08/2025,Local,2,1,Victoria,Eliminatoria,Frio,12,51,8,12,47,1,0
Bélgica,Bosnia y Herzegovina,13/08/2025,Local,6,0,Victoria,Amistoso,Soleado,28,78,3,11,61,1,0
Bélgica,Australia,07/08/2025,Local,2,0,Victoria,Oficial,Nublado,6,62,10,11,69,1,0
Bélgica,Australia,30/07/2025,Local,4,0,Victoria,Copa,Lluvia,26,73,10,8,62,0,0
Bélgica,Japón,24/07/2025,Local,2,0,Victoria,Amistoso,Soleado,28,76,3,10,70,2,0
Bélgica,Suiza,16/07/2025,Local,1,0,Victoria,Eliminatoria,Soleado,27,43,7,6,55,0,0
Bélgica,Panamá,10/07/2025,Local,3,0,Victoria,Copa,Frio,7,80,14,10,45,0,1
Bélgica,Uruguay,01/07/2025,Visitante,4,3,Victoria,Eliminatoria,Frio,9,62,14,11,52,1,2
Bélgica,Túnez,27/06/2025,Visitante,2,1,Victoria,Copa,Soleado,20,36,9,8,60,0,1
Bélgica,Brasil,18/06/2025,Visitante,1,1,Empate,Oficial,Lluvia,33,71,14,6,49,1,1
Bélgica,Túnez,13/06/2025,Local,3,0,Victoria,Oficial,Nublado,31,72,12,10,56,0,1
Bélgica,Estados Unidos,07/06/2025,Local,1,2,Derrota,Amistoso,Frio,13,51,4,6,59,1,2
Bélgica,Inglaterra,27/05/2025,Visitante,1,4,Derrota,Liga de Naciones,Caluroso,32,78,8,9,43,0,0
Bélgica,Croacia,24/05/2025,Local,3,0,Victoria,Eliminatoria,Lluvia,14,68,3,9,63,1,1
Bélgica,Ghana,17/05/2025,Local,4,0,Victoria,Eliminatoria,Frio,14,52,7,10,56,2,1
Bosnia y Herzegovina,Turquía,2026-05-29,Local,5,0,Victoria,Eliminatoria,Soleado,20,55,5,13,55,0,0
Bosnia y Herzegovina,Suiza,2026-05-19,Visitante,2,1,Victoria,Eliminatoria,Lluvia,18,77,8,6,41,3,0
Bosnia y Herzegovina,España,2026-05-08,Visitante,0,1,Derrota,Liga de Naciones,Lluvia,22,75,8,5,40,1,1
Bosnia y Herzegovina,Inglaterra,2026-04-28,Visitante,0,0,Empate,Oficial,Nublado,17,67,5,3,48,2,0
Bosnia y Herzegovina,Escocia,2026-04-17,Visitante,2,2,Empate,Amistoso,Lluvia,22,91,8,9,59,1,0
Bosnia y Herzegovina,Países Bajos,2026-04-03,Visitante,2,1,Victoria,Oficial,Soleado,25,40,4,8,46,0,0
Bosnia y Herzegovina,Noruega,2026-03-23,Local,1,1,Empate,Amistoso,Nublado,22,66,4,3,46,0,1
Bosnia y Herzegovina,Argentina,2026-03-13,Local,1,0,Victoria,Copa,Frio,6,53,7,4,53,1,0
Bosnia y Herzegovina,Sudáfrica,2026-03-01,Local,1,2,Derrota,Eliminatoria,Lluvia,19,91,9,7,58,0,0
Bosnia y Herzegovina,Corea del Sur,2026-02-21,Local,2,1,Victoria,Liga de Naciones,Nublado,15,55,8,6,51,1,0
Bosnia y Herzegovina,Croacia,14/02/2026,Visitante,2,7,Derrota,Amistoso,Nublado,10,65,10,7,33,1,0
Bosnia y Herzegovina,Francia,07/02/2026,Visitante,0,1,Derrota,Amistoso,Caluroso,34,50,6,9,39,0,1
Bosnia y Herzegovina,Paraguay,31/01/2026,Visitante,0,1,Derrota,Copa,Nublado,19,54,6,7,36,0,0
Bosnia y Herzegovina,República Democrática del Congo,21/01/2026,Visitante,2,1,Victoria,Amistoso,Caluroso,31,76,8,6,55,2,0
Bosnia y Herzegovina,República Checa,16/01/2026,Local,1,0,Victoria,Liga de Naciones,Lluvia,11,86,9,7,35,0,1
Bosnia y Herzegovina,Escocia,08/01/2026,Local,1,1,Empate,Amistoso,Frio,9,35,6,7,68,2,1
Bosnia y Herzegovina,Irán,02/01/2026,Visitante,1,3,Derrota,Eliminatoria,Caluroso,35,76,9,4,47,1,1
Bosnia y Herzegovina,Curazao,23/12/2025,Local,2,1,Victoria,Oficial,Frio,8,82,12,6,53,1,0
Bosnia y Herzegovina,Alemania,18/12/2025,Visitante,0,2,Derrota,Oficial,Frio,10,37,7,6,36,2,1
Bosnia y Herzegovina,Canadá,12/12/2025,Local,3,0,Victoria,Oficial,Soleado,28,77,12,8,47,1,0
Bosnia y Herzegovina,Argentina,04/12/2025,Local,1,1,Empate,Eliminatoria,Soleado,20,52,12,9,46,1,0
Bosnia y Herzegovina,Argentina,26/11/2025,Local,1,1,Empate,Oficial,Lluvia,7,78,3,8,41,1,2
Bosnia y Herzegovina,Haití,20/11/2025,Visitante,1,3,Derrota,Oficial,Lluvia,26,69,8,6,44,0,2
Bosnia y Herzegovina,Irán,13/11/2025,Local,2,0,Victoria,Copa,Soleado,16,82,4,7,53,5,1
Bosnia y Herzegovina,Irán,05/11/2025,Local,2,0,Victoria,Eliminatoria,Nublado,17,43,8,5,58,0,0
Bosnia y Herzegovina,Catar,29/10/2025,Local,1,2,Derrota,Oficial,Frio,11,75,7,5,50,2,0
Bosnia y Herzegovina,Ghana,25/10/2025,Visitante,0,0,Empate,Amistoso,Soleado,8,40,12,4,29,1,2
Bosnia y Herzegovina,Panamá,17/10/2025,Visitante,0,1,Derrota,Amistoso,Nublado,17,45,4,5,47,0,2
Bosnia y Herzegovina,Panamá,11/10/2025,Visitante,1,3,Derrota,Amistoso,Nublado,26,68,4,6,49,0,0
Bosnia y Herzegovina,Escocia,01/10/2025,Visitante,2,0,Victoria,Liga de Naciones,Lluvia,29,74,4,5,49,1,0
Bosnia y Herzegovina,Egipto,27/09/2025,Local,1,0,Victoria,Amistoso,Nublado,24,47,6,6,53,0,0
Bosnia y Herzegovina,Egipto,17/09/2025,Visitante,0,0,Empate,Amistoso,Lluvia,32,73,10,7,34,1,0
Bosnia y Herzegovina,Croacia,11/09/2025,Local,1,3,Derrota,Oficial,Nublado,30,82,14,5,56,1,1
Bosnia y Herzegovina,Sudáfrica,06/09/2025,Visitante,1,1,Empate,Liga de Naciones,Frio,13,58,14,5,59,0,0
Bosnia y Herzegovina,Nueva Zelanda,30/08/2025,Local,0,1,Derrota,Eliminatoria,Caluroso,29,57,10,4,63,0,1
Bosnia y Herzegovina,Cabo Verde,19/08/2025,Local,2,1,Victoria,Oficial,Soleado,32,73,5,9,58,2,0
Bosnia y Herzegovina,Ghana,13/08/2025,Visitante,0,0,Empate,Liga de Naciones,Soleado,12,56,12,6,54,2,1
Bosnia y Herzegovina,Sudáfrica,07/08/2025,Visitante,1,3,Derrota,Eliminatoria,Frio,10,59,10,7,49,2,1
Bosnia y Herzegovina,Argelia,29/07/2025,Visitante,1,0,Victoria,Eliminatoria,Nublado,33,48,4,3,61,0,1
Bosnia y Herzegovina,Cabo Verde,24/07/2025,Visitante,0,2,Derrota,Amistoso,Frio,13,71,10,7,48,1,2
Bosnia y Herzegovina,Francia,17/07/2025,Local,0,0,Empate,Oficial,Nublado,7,78,10,8,48,1,0
Bosnia y Herzegovina,Cabo Verde,11/07/2025,Visitante,1,5,Derrota,Oficial,Frio,10,62,12,11,54,0,1
Bosnia y Herzegovina,Jordania,04/07/2025,Visitante,0,2,Derrota,Eliminatoria,Frio,4,51,12,7,56,1,1
Bosnia y Herzegovina,Colombia,26/06/2025,Visitante,1,2,Derrota,Liga de Naciones,Caluroso,32,84,9,5,32,1,0
Bosnia y Herzegovina,Portugal,21/06/2025,Local,0,2,Derrota,Liga de Naciones,Nublado,28,52,7,7,55,2,0
Bosnia y Herzegovina,Paraguay,14/06/2025,Local,1,1,Empate,Oficial,Soleado,33,54,5,8,51,0,0
Bosnia y Herzegovina,Suecia,07/06/2025,Local,1,2,Derrota,Oficial,Nublado,11,87,8,4,60,0,0
Bosnia y Herzegovina,Noruega,31/05/2025,Visitante,1,2,Derrota,Copa,Caluroso,32,58,4,8,41,2,0
Bosnia y Herzegovina,Suiza,21/05/2025,Local,1,1,Empate,Oficial,Soleado,21,39,12,7,56,1,0
Bosnia y Herzegovina,Argentina,16/05/2025,Local,0,0,Empate,Eliminatoria,Caluroso,29,66,8,6,56,2,2
Brasil,Colombia,2026-05-29,Local,1,2,Derrota,Liga de Naciones,Lluvia,24,84,6,5,56,0,0
Brasil,Paraguay,2026-05-18,Visitante,2,1,Victoria,Liga de Naciones,Soleado,20,48,7,9,54,0,0
Brasil,Argentina,2026-05-06,Visitante,1,0,Victoria,Eliminatoria,Nublado,14,79,5,6,50,0,0
Brasil,Ecuador,2026-04-28,Local,3,1,Victoria,Copa,Soleado,20,42,8,9,62,0,0
Brasil,Uruguay,2026-04-17,Visitante,1,1,Empate,Eliminatoria,Nublado,24,63,4,7,48,1,0
Brasil,Turquía,2026-04-04,Local,1,1,Empate,Copa,Soleado,25,35,5,7,62,1,1
Brasil,Curazao,2026-03-24,Visitante,0,0,Empate,Liga de Naciones,Lluvia,17,72,7,7,49,1,0
Brasil,Suecia,2026-03-15,Local,3,2,Victoria,Eliminatoria,Frio,7,72,9,11,55,3,1
Brasil,República Democrática del Congo,2026-03-02,Visitante,4,0,Victoria,Eliminatoria,Lluvia,23,94,4,10,50,0,0
Brasil,Cabo Verde,2026-02-20,Visitante,4,2,Victoria,Eliminatoria,Nublado,21,68,4,12,53,0,0
Brasil,Canadá,10/02/2026,Local,1,1,Empate,Amistoso,Soleado,10,60,5,5,71,2,0
Brasil,Croacia,03/02/2026,Visitante,0,0,Empate,Copa,Lluvia,32,83,14,7,61,0,1
Brasil,Croacia,30/01/2026,Local,5,3,Victoria,Copa,Frio,12,84,3,14,58,0,0
Brasil,Bélgica,19/01/2026,Visitante,2,1,Victoria,Oficial,Frio,7,67,10,7,41,0,1
Brasil,Bélgica,12/01/2026,Visitante,0,0,Empate,Oficial,Soleado,23,73,8,4,43,0,0
Brasil,Alemania,08/01/2026,Local,2,1,Victoria,Eliminatoria,Lluvia,33,73,9,9,55,0,1
Brasil,Haití,31/12/2025,Visitante,1,0,Victoria,Liga de Naciones,Nublado,10,70,12,7,39,0,1
Brasil,Bosnia y Herzegovina,22/12/2025,Local,3,0,Victoria,Eliminatoria,Nublado,21,83,10,12,61,2,0
Brasil,Inglaterra,19/12/2025,Visitante,1,0,Victoria,Amistoso,Caluroso,35,50,3,8,50,2,0
Brasil,Haití,12/12/2025,Local,1,3,Derrota,Amistoso,Soleado,24,80,14,6,61,1,0
Brasil,Arabia Saudita,04/12/2025,Visitante,4,1,Victoria,Liga de Naciones,Frio,7,83,4,10,65,0,0
Brasil,Colombia,27/11/2025,Visitante,2,0,Victoria,Eliminatoria,Frio,7,78,6,8,54,2,0
Brasil,Uruguay,17/11/2025,Local,3,0,Victoria,Oficial,Caluroso,35,61,4,9,46,1,1
Brasil,Sudáfrica,11/11/2025,Visitante,4,0,Victoria,Amistoso,Soleado,30,60,10,12,61,0,0
Brasil,Paraguay,04/11/2025,Visitante,2,0,Victoria,Liga de Naciones,Nublado,15,80,14,9,74,1,0
Brasil,República Democrática del Congo,28/10/2025,Visitante,2,0,Victoria,Oficial,Soleado,7,40,8,8,66,0,0
Brasil,Costa de Marfil,24/10/2025,Local,3,0,Victoria,Liga de Naciones,Soleado,6,61,5,9,51,1,0
Brasil,Jordania,13/10/2025,Visitante,3,2,Victoria,Liga de Naciones,Lluvia,16,89,5,7,65,3,0
Brasil,Uruguay,09/10/2025,Local,4,1,Victoria,Oficial,Frio,10,73,3,12,53,0,0
Brasil,Egipto,03/10/2025,Local,2,1,Victoria,Amistoso,Frio,10,37,7,6,58,0,0
Brasil,Uruguay,22/09/2025,Local,2,0,Victoria,Eliminatoria,Soleado,29,47,5,7,57,3,0
Brasil,Irak,17/09/2025,Local,5,1,Victoria,Liga de Naciones,Frio,12,63,8,11,49,1,0
Brasil,República Democrática del Congo,11/09/2025,Local,2,0,Victoria,Copa,Nublado,21,54,14,11,57,0,0
Brasil,Panamá,04/09/2025,Local,2,0,Victoria,Eliminatoria,Caluroso,30,35,9,8,56,0,1
Brasil,Panamá,26/08/2025,Visitante,2,2,Empate,Oficial,Lluvia,14,89,10,9,36,1,0
Brasil,Irak,21/08/2025,Local,0,0,Empate,Amistoso,Lluvia,14,88,14,6,39,3,2
Brasil,Francia,13/08/2025,Local,0,1,Derrota,Amistoso,Nublado,5,76,8,3,56,2,0
Brasil,Países Bajos,04/08/2025,Visitante,1,2,Derrota,Eliminatoria,Nublado,6,44,5,7,51,2,0
Brasil,Croacia,28/07/2025,Local,2,1,Victoria,Oficial,Caluroso,28,72,14,9,71,1,0
Brasil,Costa de Marfil,22/07/2025,Visitante,5,0,Victoria,Amistoso,Lluvia,18,81,5,11,46,1,0
Brasil,Paraguay,14/07/2025,Local,0,1,Derrota,Eliminatoria,Soleado,22,38,6,6,63,1,0
Brasil,Nueva Zelanda,09/07/2025,Local,2,0,Victoria,Liga de Naciones,Soleado,10,78,6,9,51,0,2
Brasil,España,04/07/2025,Local,0,3,Derrota,Liga de Naciones,Soleado,27,82,9,6,61,2,1
Brasil,Panamá,26/06/2025,Local,2,1,Victoria,Amistoso,Frio,12,55,12,8,62,0,0
Brasil,Portugal,20/06/2025,Visitante,2,2,Empate,Eliminatoria,Caluroso,27,62,5,7,28,0,0
Brasil,Haití,09/06/2025,Local,1,1,Empate,Copa,Nublado,30,39,5,7,57,1,0
Brasil,Ecuador,04/06/2025,Visitante,0,1,Derrota,Oficial,Caluroso,30,85,3,4,54,0,1
Brasil,Japón,29/05/2025,Visitante,3,2,Victoria,Oficial,Nublado,18,49,14,8,57,1,0
Brasil,Inglaterra,23/05/2025,Local,3,0,Victoria,Copa,Frio,4,82,7,11,34,1,2
Brasil,Noruega,15/05/2025,Visitante,2,2,Empate,Liga de Naciones,Soleado,17,63,10,8,55,1,1
Cabo Verde,Argelia,2026-05-28,Local,1,2,Derrota,Liga de Naciones,Soleado,30,51,9,7,53,0,2
Cabo Verde,República Democrática del Congo,2026-05-18,Local,0,3,Derrota,Liga de Naciones,Lluvia,19,76,3,4,52,4,1
Cabo Verde,Costa de Marfil,2026-05-06,Visitante,0,1,Derrota,Amistoso,Lluvia,18,82,5,3,49,0,0
Cabo Verde,Egipto,2026-04-27,Visitante,1,0,Victoria,Liga de Naciones,Soleado,26,36,9,5,44,1,0
Cabo Verde,Sudáfrica,2026-04-15,Local,1,0,Victoria,Copa,Caluroso,35,38,5,5,56,1,0
Cabo Verde,Marruecos,2026-04-05,Local,0,2,Derrota,Eliminatoria,Nublado,23,75,3,4,47,3,0
Cabo Verde,Túnez,2026-03-23,Local,0,1,Derrota,Eliminatoria,Frio,11,70,5,4,50,0,1
Cabo Verde,Noruega,2026-03-13,Visitante,1,3,Derrota,Eliminatoria,Soleado,18,57,6,5,36,1,1
Cabo Verde,Haití,2026-03-01,Local,1,1,Empate,Amistoso,Soleado,27,46,7,6,48,1,1
Cabo Verde,Croacia,2026-02-21,Local,1,2,Derrota,Eliminatoria,Nublado,20,83,9,6,53,1,0
Cabo Verde,Nueva Zelanda,11/02/2026,Local,2,0,Victoria,Liga de Naciones,Nublado,32,66,5,8,42,2,0
Cabo Verde,España,07/02/2026,Visitante,0,1,Derrota,Liga de Naciones,Lluvia,29,95,12,4,48,0,2
Cabo Verde,Suecia,31/01/2026,Local,0,3,Derrota,Amistoso,Soleado,32,83,4,6,47,1,0
Cabo Verde,Curazao,23/01/2026,Visitante,2,0,Victoria,Liga de Naciones,Caluroso,33,49,14,8,52,0,0
Cabo Verde,Arabia Saudita,14/01/2026,Visitante,1,2,Derrota,Eliminatoria,Frio,3,41,10,4,39,5,0
Cabo Verde,Arabia Saudita,09/01/2026,Visitante,0,2,Derrota,Oficial,Frio,13,81,9,6,67,2,3
Cabo Verde,Ghana,31/12/2025,Local,0,1,Derrota,Liga de Naciones,Lluvia,9,73,3,5,45,2,0
Cabo Verde,Uruguay,23/12/2025,Visitante,1,1,Empate,Amistoso,Lluvia,16,90,9,8,53,0,0
Cabo Verde,Corea del Sur,20/12/2025,Local,0,2,Derrota,Eliminatoria,Lluvia,31,89,8,4,59,2,0
Cabo Verde,Estados Unidos,11/12/2025,Local,4,1,Victoria,Eliminatoria,Lluvia,23,85,12,10,49,1,0
Cabo Verde,Canadá,06/12/2025,Visitante,0,1,Derrota,Eliminatoria,Caluroso,33,61,4,4,60,1,0
Cabo Verde,Catar,26/11/2025,Local,2,3,Derrota,Eliminatoria,Caluroso,34,70,8,7,43,1,0
Cabo Verde,Estados Unidos,18/11/2025,Visitante,1,3,Derrota,Liga de Naciones,Caluroso,34,42,14,8,50,1,2
Cabo Verde,Colombia,12/11/2025,Local,0,3,Derrota,Eliminatoria,Nublado,27,72,3,5,54,1,2
Cabo Verde,Brasil,06/11/2025,Local,2,3,Derrota,Eliminatoria,Lluvia,18,67,8,11,53,2,1
Cabo Verde,Brasil,31/10/2025,Local,0,1,Derrota,Eliminatoria,Caluroso,27,42,8,6,43,1,1
Cabo Verde,Costa de Marfil,21/10/2025,Visitante,1,0,Victoria,Eliminatoria,Lluvia,23,94,14,6,66,0,0
Cabo Verde,Paraguay,15/10/2025,Local,1,1,Empate,Amistoso,Nublado,30,47,6,5,51,1,0
Cabo Verde,Portugal,09/10/2025,Local,2,0,Victoria,Liga de Naciones,Frio,10,84,7,9,40,0,2
Cabo Verde,Noruega,03/10/2025,Visitante,1,2,Derrota,Amistoso,Frio,5,47,6,4,44,0,0
Cabo Verde,Ecuador,24/09/2025,Visitante,2,0,Victoria,Copa,Nublado,32,81,5,8,36,0,0
Cabo Verde,Túnez,17/09/2025,Local,3,1,Victoria,Amistoso,Frio,7,80,8,7,52,2,1
Cabo Verde,República Democrática del Congo,10/09/2025,Local,4,1,Victoria,Liga de Naciones,Soleado,14,57,5,9,45,0,0
Cabo Verde,Argentina,06/09/2025,Local,1,1,Empate,Eliminatoria,Caluroso,33,40,7,3,34,0,0
Cabo Verde,Alemania,27/08/2025,Local,0,5,Derrota,Liga de Naciones,Soleado,23,38,8,1,57,3,0
Cabo Verde,Uruguay,20/08/2025,Local,1,2,Derrota,Amistoso,Caluroso,27,85,12,8,50,2,1
Cabo Verde,Sudáfrica,13/08/2025,Visitante,3,1,Victoria,Liga de Naciones,Lluvia,9,93,14,7,48,0,0
Cabo Verde,Curazao,07/08/2025,Visitante,0,0,Empate,Amistoso,Nublado,29,65,8,9,52,1,0
Cabo Verde,Irak,29/07/2025,Visitante,1,1,Empate,Oficial,Lluvia,6,85,8,4,49,2,0
Cabo Verde,Suecia,22/07/2025,Visitante,1,2,Derrota,Oficial,Frio,6,44,4,6,51,1,0
Cabo Verde,Estados Unidos,15/07/2025,Local,2,1,Victoria,Eliminatoria,Soleado,12,45,4,8,56,0,0
Cabo Verde,México,12/07/2025,Local,1,2,Derrota,Oficial,Nublado,12,69,7,3,69,2,1
Cabo Verde,Arabia Saudita,03/07/2025,Visitante,2,0,Victoria,Oficial,Caluroso,33,53,8,6,44,1,0
Cabo Verde,Túnez,28/06/2025,Visitante,1,1,Empate,Amistoso,Caluroso,31,50,4,5,45,0,0
Cabo Verde,Costa de Marfil,17/06/2025,Local,1,1,Empate,Amistoso,Frio,14,83,3,6,60,1,0
Cabo Verde,Nueva Zelanda,10/06/2025,Local,2,0,Victoria,Amistoso,Soleado,20,87,5,7,68,2,0
Cabo Verde,Irán,04/06/2025,Local,2,2,Empate,Amistoso,Caluroso,34,38,7,8,52,1,0
Cabo Verde,Países Bajos,30/05/2025,Visitante,1,2,Derrota,Liga de Naciones,Lluvia,27,76,6,6,27,1,1
Cabo Verde,Egipto,20/05/2025,Visitante,0,2,Derrota,Eliminatoria,Lluvia,27,71,12,6,48,1,0
Cabo Verde,Sudáfrica,17/05/2025,Visitante,2,0,Victoria,Eliminatoria,Lluvia,27,93,12,10,51,0,0
Canadá,Panamá,2026-05-31,Local,2,2,Empate,Amistoso,Soleado,25,69,9,7,51,1,0
Canadá,Haití,2026-05-20,Local,2,0,Victoria,Liga de Naciones,Soleado,23,35,7,11,56,1,1
Canadá,México,2026-05-08,Local,5,1,Victoria,Eliminatoria,Lluvia,17,94,4,9,61,1,0
Canadá,Curazao,2026-04-27,Visitante,0,1,Derrota,Oficial,Lluvia,24,76,4,5,53,0,0
Canadá,Estados Unidos,2026-04-15,Visitante,0,1,Derrota,Amistoso,Nublado,19,62,5,7,47,1,0
Canadá,Cabo Verde,2026-04-03,Local,4,1,Victoria,Eliminatoria,Nublado,17,80,3,9,53,2,0
Canadá,Escocia,2026-03-23,Local,3,2,Victoria,Liga de Naciones,Soleado,23,46,8,9,58,1,0
Canadá,Inglaterra,2026-03-13,Local,0,2,Derrota,Oficial,Soleado,30,55,7,5,57,2,2
Canadá,Marruecos,2026-03-02,Visitante,0,0,Empate,Amistoso,Nublado,18,59,6,4,53,0,1
Canadá,Senegal,2026-02-18,Visitante,1,0,Victoria,Amistoso,Nublado,16,78,5,8,45,2,0
Canadá,Marruecos,11/02/2026,Visitante,0,0,Empate,Eliminatoria,Caluroso,33,35,7,6,49,2,0
Canadá,Senegal,04/02/2026,Local,2,2,Empate,Amistoso,Lluvia,31,68,9,6,48,2,0
Canadá,México,26/01/2026,Local,0,3,Derrota,Oficial,Lluvia,20,73,5,6,50,0,0
Canadá,España,18/01/2026,Local,0,1,Derrota,Liga de Naciones,Lluvia,28,70,10,4,42,2,0
Canadá,Austria,13/01/2026,Local,1,3,Derrota,Amistoso,Caluroso,34,65,5,8,73,0,0
Canadá,Brasil,07/01/2026,Visitante,1,3,Derrota,Eliminatoria,Lluvia,14,85,5,11,52,0,0
Canadá,Argelia,27/12/2025,Local,0,1,Derrota,Liga de Naciones,Caluroso,26,78,7,7,51,1,1
Canadá,Panamá,24/12/2025,Local,3,0,Victoria,Eliminatoria,Soleado,31,81,7,10,61,0,0
Canadá,Argelia,14/12/2025,Local,1,1,Empate,Oficial,Caluroso,29,77,10,7,50,0,0
Canadá,Países Bajos,07/12/2025,Visitante,1,3,Derrota,Liga de Naciones,Caluroso,34,42,8,7,52,0,1
Canadá,Alemania,02/12/2025,Local,0,1,Derrota,Liga de Naciones,Soleado,26,67,4,3,47,0,2
Canadá,Ecuador,22/11/2025,Local,2,2,Empate,Eliminatoria,Frio,11,64,9,7,39,1,1
Canadá,Noruega,19/11/2025,Local,0,1,Derrota,Oficial,Lluvia,23,82,4,6,51,0,0
Canadá,Curazao,08/11/2025,Visitante,1,2,Derrota,Eliminatoria,Soleado,23,65,7,6,44,1,1
Canadá,Irak,01/11/2025,Local,0,0,Empate,Amistoso,Lluvia,28,70,9,4,53,4,0
Canadá,Ecuador,26/10/2025,Visitante,0,1,Derrota,Oficial,Frio,9,50,4,6,53,1,0
Canadá,España,22/10/2025,Visitante,0,1,Derrota,Copa,Caluroso,30,51,3,4,42,0,0
Canadá,Estados Unidos,12/10/2025,Visitante,1,4,Derrota,Eliminatoria,Lluvia,18,84,12,9,54,2,0
Canadá,Francia,06/10/2025,Local,1,3,Derrota,Oficial,Lluvia,6,90,8,6,43,0,0
Canadá,Haití,28/09/2025,Local,0,1,Derrota,Amistoso,Soleado,9,82,4,6,61,1,0
Canadá,Catar,23/09/2025,Local,1,1,Empate,Eliminatoria,Nublado,29,55,5,4,63,0,0
Canadá,Corea del Sur,13/09/2025,Local,1,1,Empate,Liga de Naciones,Lluvia,21,82,7,4,42,3,1
Canadá,Estados Unidos,07/09/2025,Visitante,0,1,Derrota,Copa,Lluvia,19,69,8,4,54,2,1
Canadá,Alemania,30/08/2025,Local,2,1,Victoria,Oficial,Soleado,12,40,8,7,40,1,0
Canadá,Australia,23/08/2025,Visitante,0,1,Derrota,Oficial,Caluroso,33,85,8,3,37,2,0
Canadá,Francia,17/08/2025,Local,0,3,Derrota,Oficial,Lluvia,13,70,7,5,55,1,0
Canadá,México,13/08/2025,Local,1,2,Derrota,Oficial,Nublado,24,42,3,8,65,0,0
Canadá,Nueva Zelanda,02/08/2025,Visitante,0,1,Derrota,Amistoso,Nublado,9,82,14,6,55,3,0
Canadá,Egipto,26/07/2025,Visitante,0,2,Derrota,Oficial,Nublado,31,64,6,6,51,0,1
Canadá,Senegal,21/07/2025,Visitante,2,0,Victoria,Oficial,Caluroso,28,42,7,8,37,1,1
Canadá,Croacia,15/07/2025,Visitante,0,1,Derrota,Oficial,Lluvia,8,83,9,3,40,1,0
Canadá,Panamá,06/07/2025,Local,2,1,Victoria,Liga de Naciones,Lluvia,26,80,8,9,32,1,0
Canadá,Japón,29/06/2025,Visitante,1,2,Derrota,Eliminatoria,Caluroso,30,59,5,6,37,2,0
Canadá,Portugal,25/06/2025,Local,2,2,Empate,Liga de Naciones,Frio,4,78,4,6,52,0,1
Canadá,Egipto,18/06/2025,Local,1,2,Derrota,Eliminatoria,Frio,13,79,10,5,45,0,0
Canadá,Irak,10/06/2025,Visitante,1,0,Victoria,Oficial,Frio,13,48,5,7,41,0,0
Canadá,Paraguay,02/06/2025,Local,0,2,Derrota,Eliminatoria,Lluvia,14,66,8,1,53,2,1
Canadá,Irán,24/05/2025,Local,1,1,Empate,Oficial,Soleado,28,47,10,5,65,0,0
Canadá,Escocia,19/05/2025,Visitante,2,0,Victoria,Eliminatoria,Nublado,25,58,8,8,48,1,1
Canadá,Panamá,11/05/2025,Visitante,1,0,Victoria,Oficial,Nublado,8,77,9,3,49,0,0
Catar,Arabia Saudita,2026-05-29,Local,3,2,Victoria,Liga de Naciones,Lluvia,21,93,6,8,37,2,1
Catar,Irak,2026-05-18,Visitante,0,3,Derrota,Eliminatoria,Lluvia,23,86,4,7,45,3,1
Catar,Irán,2026-05-08,Local,3,1,Victoria,Oficial,Soleado,21,56,3,7,55,3,0
Catar,Uzbekistán,2026-04-27,Visitante,2,1,Victoria,Eliminatoria,Soleado,19,38,4,7,52,3,1
Catar,Japón,2026-04-17,Visitante,2,0,Victoria,Copa,Lluvia,23,95,9,8,49,0,0
Catar,Corea del Sur,2026-04-06,Visitante,0,1,Derrota,Eliminatoria,Soleado,30,42,5,4,59,2,0
Catar,Jordania,2026-03-26,Visitante,1,1,Empate,Eliminatoria,Soleado,18,56,9,4,44,2,0
Catar,Bosnia y Herzegovina,2026-03-15,Visitante,2,1,Victoria,Liga de Naciones,Lluvia,24,95,8,5,59,0,1
Catar,España,2026-03-02,Visitante,2,1,Victoria,Eliminatoria,Nublado,22,79,4,4,44,1,0
Catar,Países Bajos,2026-02-19,Visitante,1,0,Victoria,Liga de Naciones,Soleado,28,61,8,4,41,0,1
Catar,Brasil,08/02/2026,Local,1,1,Empate,Eliminatoria,Lluvia,20,85,4,6,52,0,0
Catar,Túnez,04/02/2026,Visitante,2,1,Victoria,Copa,Lluvia,7,86,3,7,53,0,2
Catar,Curazao,25/01/2026,Visitante,2,1,Victoria,Copa,Soleado,9,74,4,8,45,2,0
Catar,Haití,22/01/2026,Local,1,2,Derrota,Oficial,Caluroso,26,57,7,7,60,2,0
Catar,Ecuador,12/01/2026,Local,0,2,Derrota,Copa,Lluvia,32,70,9,2,60,1,0
Catar,Ghana,08/01/2026,Visitante,1,2,Derrota,Eliminatoria,Caluroso,28,70,6,3,40,2,0
Catar,Japón,30/12/2025,Local,3,0,Victoria,Copa,Lluvia,33,66,4,9,62,1,0
Catar,Marruecos,21/12/2025,Local,1,0,Victoria,Liga de Naciones,Caluroso,29,46,14,6,48,3,0
Catar,Curazao,17/12/2025,Visitante,0,0,Empate,Eliminatoria,Caluroso,28,74,10,3,52,2,0
Catar,Haití,10/12/2025,Local,1,0,Victoria,Amistoso,Frio,10,70,7,6,69,0,0
Catar,Ecuador,30/11/2025,Local,1,3,Derrota,Amistoso,Soleado,30,73,8,5,37,2,0
Catar,Uruguay,27/11/2025,Local,3,2,Victoria,Eliminatoria,Nublado,32,58,7,7,49,0,0
Catar,Haití,20/11/2025,Local,0,2,Derrota,Liga de Naciones,Soleado,31,54,7,5,64,2,0
Catar,Francia,09/11/2025,Visitante,0,2,Derrota,Eliminatoria,Caluroso,28,51,8,4,48,0,1
Catar,Noruega,05/11/2025,Visitante,0,1,Derrota,Oficial,Lluvia,20,81,10,6,51,0,0
Catar,Brasil,30/10/2025,Visitante,1,1,Empate,Liga de Naciones,Soleado,25,58,7,5,42,1,0
Catar,República Democrática del Congo,20/10/2025,Local,0,1,Derrota,Eliminatoria,Caluroso,34,66,5,6,46,0,0
Catar,Panamá,15/10/2025,Visitante,2,2,Empate,Liga de Naciones,Caluroso,36,42,3,5,41,1,0
Catar,Haití,06/10/2025,Visitante,5,2,Victoria,Copa,Frio,3,70,4,17,54,1,1
Catar,Uzbekistán,28/09/2025,Local,1,0,Victoria,Eliminatoria,Soleado,18,50,6,6,46,0,1
Catar,Irak,23/09/2025,Local,0,1,Derrota,Amistoso,Nublado,18,53,10,5,45,1,0
Catar,Nueva Zelanda,14/09/2025,Local,4,1,Victoria,Oficial,Frio,11,82,4,11,47,0,0
Catar,Paraguay,08/09/2025,Local,1,0,Victoria,Oficial,Lluvia,22,84,14,7,60,1,0
Catar,Croacia,31/08/2025,Local,2,1,Victoria,Liga de Naciones,Soleado,15,82,6,4,40,2,0
Catar,Portugal,28/08/2025,Visitante,1,3,Derrota,Amistoso,Caluroso,35,42,6,7,38,0,1
Catar,Australia,18/08/2025,Local,3,1,Victoria,Eliminatoria,Lluvia,8,93,8,7,44,1,0
Catar,Colombia,12/08/2025,Visitante,3,2,Victoria,Oficial,Caluroso,34,55,7,9,45,2,0
Catar,Escocia,04/08/2025,Local,0,0,Empate,Eliminatoria,Soleado,31,51,3,4,53,0,0
Catar,Argentina,31/07/2025,Local,1,2,Derrota,Amistoso,Caluroso,33,41,10,5,42,0,1
Catar,Turquía,24/07/2025,Local,0,3,Derrota,Copa,Frio,12,44,12,5,58,0,0
Catar,Marruecos,15/07/2025,Visitante,2,2,Empate,Oficial,Nublado,24,66,9,10,45,1,0
Catar,Países Bajos,09/07/2025,Visitante,1,5,Derrota,Eliminatoria,Nublado,28,40,4,6,55,2,1
Catar,Ecuador,29/06/2025,Local,2,0,Victoria,Eliminatoria,Caluroso,26,55,9,9,51,0,0
Catar,Francia,25/06/2025,Visitante,0,2,Derrota,Eliminatoria,Lluvia,16,70,6,8,37,3,0
Catar,Canadá,17/06/2025,Visitante,2,0,Victoria,Oficial,Lluvia,12,88,9,3,56,2,0
Catar,Argentina,11/06/2025,Visitante,1,2,Derrota,Copa,Soleado,6,84,5,8,34,2,0
Catar,Nueva Zelanda,03/06/2025,Local,1,3,Derrota,Amistoso,Frio,9,48,9,5,54,0,2
Catar,Francia,29/05/2025,Local,0,1,Derrota,Eliminatoria,Caluroso,32,73,5,5,48,0,0
Catar,Bélgica,22/05/2025,Local,0,2,Derrota,Liga de Naciones,Frio,13,87,7,7,49,1,0
Catar,Argelia,11/05/2025,Local,2,1,Victoria,Oficial,Nublado,25,57,4,7,54,0,2
Colombia,Argentina,2026-05-30,Local,2,1,Victoria,Oficial,Soleado,27,66,8,7,49,0,0
Colombia,Paraguay,2026-05-19,Visitante,1,1,Empate,Amistoso,Soleado,28,38,5,8,43,3,0
Colombia,Ecuador,2026-05-08,Local,2,0,Victoria,Copa,Soleado,27,58,5,8,56,0,0
Colombia,Uruguay,2026-04-28,Local,3,2,Victoria,Oficial,Nublado,22,68,9,8,52,2,0
Colombia,Brasil,2026-04-16,Local,1,1,Empate,Oficial,Soleado,25,69,9,6,51,0,0
Colombia,Bosnia y Herzegovina,2026-04-03,Visitante,4,0,Victoria,Liga de Naciones,Soleado,26,56,4,11,44,1,0
Colombia,Argelia,2026-03-25,Local,3,0,Victoria,Amistoso,Frio,9,46,5,7,58,0,1
Colombia,Haití,2026-03-15,Local,1,0,Victoria,Eliminatoria,Nublado,17,56,8,8,54,2,0
Colombia,Irán,2026-03-04,Local,2,3,Derrota,Liga de Naciones,Caluroso,31,57,6,6,50,2,0
Colombia,Escocia,2026-02-18,Local,1,0,Victoria,Liga de Naciones,Lluvia,21,77,7,6,54,4,1
Colombia,Australia,07/02/2026,Visitante,1,3,Derrota,Oficial,Soleado,25,45,9,6,53,0,1
Colombia,Suiza,01/02/2026,Local,3,4,Derrota,Copa,Nublado,21,43,3,8,62,1,0
Colombia,Corea del Sur,27/01/2026,Local,1,1,Empate,Eliminatoria,Nublado,29,84,6,6,48,2,0
Colombia,Arabia Saudita,21/01/2026,Local,1,2,Derrota,Liga de Naciones,Caluroso,29,36,14,6,56,0,1
Colombia,Noruega,10/01/2026,Local,1,2,Derrota,Eliminatoria,Frio,6,80,8,8,44,0,0
Colombia,Austria,07/01/2026,Visitante,2,3,Derrota,Liga de Naciones,Lluvia,27,91,7,9,49,1,2
Colombia,Croacia,31/12/2025,Visitante,1,1,Empate,Oficial,Soleado,10,53,14,9,43,0,0
Colombia,Inglaterra,22/12/2025,Visitante,0,1,Derrota,Liga de Naciones,Frio,6,41,5,5,62,1,1
Colombia,Costa de Marfil,14/12/2025,Visitante,0,0,Empate,Oficial,Nublado,22,69,3,3,54,1,1
Colombia,Irán,10/12/2025,Visitante,1,0,Victoria,Copa,Frio,14,42,5,5,54,3,0
Colombia,Bélgica,03/12/2025,Local,3,0,Victoria,Eliminatoria,Soleado,12,68,10,10,53,1,0
Colombia,Canadá,26/11/2025,Visitante,0,2,Derrota,Liga de Naciones,Lluvia,19,81,7,2,40,3,0
Colombia,Argentina,17/11/2025,Visitante,1,1,Empate,Eliminatoria,Caluroso,35,54,5,8,41,0,0
Colombia,Austria,09/11/2025,Local,1,1,Empate,Liga de Naciones,Lluvia,13,68,3,6,61,2,0
Colombia,Nueva Zelanda,02/11/2025,Visitante,5,0,Victoria,Eliminatoria,Frio,9,44,6,14,52,0,0
Colombia,Alemania,29/10/2025,Visitante,0,1,Derrota,Liga de Naciones,Nublado,23,55,6,5,54,0,0
Colombia,España,20/10/2025,Visitante,0,2,Derrota,Amistoso,Soleado,18,84,6,3,45,1,0
Colombia,Suecia,13/10/2025,Visitante,3,1,Victoria,Eliminatoria,Caluroso,30,53,12,9,37,0,0
Colombia,Nueva Zelanda,04/10/2025,Visitante,0,1,Derrota,Eliminatoria,Caluroso,32,81,6,4,63,0,0
Colombia,Haití,01/10/2025,Local,1,0,Victoria,Oficial,Nublado,28,44,8,8,54,4,0
Colombia,México,20/09/2025,Local,0,1,Derrota,Liga de Naciones,Soleado,21,65,4,7,64,2,1
Colombia,Catar,17/09/2025,Local,3,1,Victoria,Eliminatoria,Caluroso,35,37,12,8,52,1,0
Colombia,España,07/09/2025,Visitante,2,1,Victoria,Liga de Naciones,Nublado,7,53,5,8,47,0,0
Colombia,República Democrática del Congo,03/09/2025,Visitante,5,1,Victoria,Amistoso,Soleado,28,52,8,13,54,1,0
Colombia,Estados Unidos,27/08/2025,Local,3,1,Victoria,Oficial,Lluvia,9,78,8,8,54,0,0
Colombia,Marruecos,20/08/2025,Local,0,0,Empate,Oficial,Frio,9,73,6,2,42,0,0
Colombia,Noruega,11/08/2025,Visitante,3,1,Victoria,Liga de Naciones,Nublado,27,83,14,10,46,1,1
Colombia,Brasil,03/08/2025,Visitante,2,2,Empate,Eliminatoria,Frio,9,56,14,8,36,2,1
Colombia,Sudáfrica,26/07/2025,Local,0,1,Derrota,Copa,Caluroso,26,53,7,6,54,2,1
Colombia,Ghana,21/07/2025,Local,1,0,Victoria,Eliminatoria,Lluvia,9,91,3,6,61,1,0
Colombia,Croacia,14/07/2025,Local,0,0,Empate,Copa,Soleado,10,39,8,4,55,1,0
Colombia,Arabia Saudita,07/07/2025,Local,2,0,Victoria,Amistoso,Soleado,6,54,9,8,62,0,0
Colombia,Australia,02/07/2025,Local,1,0,Victoria,Oficial,Nublado,18,51,4,6,58,1,0
Colombia,Argelia,21/06/2025,Local,2,0,Victoria,Oficial,Soleado,23,71,8,5,53,3,0
Colombia,Egipto,17/06/2025,Local,1,0,Victoria,Eliminatoria,Nublado,12,87,4,8,65,0,0
Colombia,Brasil,08/06/2025,Visitante,0,2,Derrota,Liga de Naciones,Frio,6,71,5,6,44,1,0
Colombia,España,02/06/2025,Local,1,3,Derrota,Liga de Naciones,Soleado,10,64,8,5,52,0,2
Colombia,Nueva Zelanda,25/05/2025,Visitante,1,1,Empate,Copa,Frio,5,51,3,8,45,2,1
Colombia,Australia,20/05/2025,Local,3,0,Victoria,Eliminatoria,Soleado,20,87,14,12,49,1,0
Colombia,Austria,13/05/2025,Local,0,0,Empate,Eliminatoria,Frio,7,75,7,2,60,0,0
Corea del Sur,Australia,2026-05-29,Local,2,2,Empate,Amistoso,Soleado,29,37,6,9,59,0,0
Corea del Sur,Jordania,2026-05-19,Local,2,1,Victoria,Oficial,Soleado,29,37,8,5,69,2,0
Corea del Sur,Catar,2026-05-06,Visitante,2,2,Empate,Amistoso,Soleado,27,36,6,5,46,2,1
Corea del Sur,Uzbekistán,2026-04-26,Local,2,2,Empate,Amistoso,Frio,5,75,7,8,60,1,0
Corea del Sur,Arabia Saudita,2026-04-16,Local,1,5,Derrota,Eliminatoria,Nublado,19,72,9,5,45,0,0
Corea del Sur,Irak,2026-04-06,Local,2,1,Victoria,Oficial,Nublado,18,57,6,5,60,0,1
Corea del Sur,Japón,2026-03-26,Local,3,1,Victoria,Oficial,Lluvia,24,73,5,10,54,3,0
Corea del Sur,Canadá,2026-03-13,Visitante,2,1,Victoria,Liga de Naciones,Nublado,18,58,6,9,49,0,0
Corea del Sur,Bélgica,2026-03-02,Local,0,2,Derrota,Amistoso,Nublado,22,81,5,4,42,1,1
Corea del Sur,Argelia,2026-02-19,Visitante,3,1,Victoria,Amistoso,Soleado,23,52,8,9,57,3,0
Corea del Sur,Australia,11/02/2026,Visitante,1,1,Empate,Eliminatoria,Soleado,22,75,5,8,49,0,1
Corea del Sur,Austria,02/02/2026,Visitante,0,0,Empate,Eliminatoria,Lluvia,20,78,7,3,42,0,0
Corea del Sur,Brasil,27/01/2026,Visitante,2,1,Victoria,Liga de Naciones,Nublado,10,35,14,6,56,1,0
Corea del Sur,Uzbekistán,22/01/2026,Visitante,1,0,Victoria,Eliminatoria,Soleado,17,76,3,5,59,0,0
Corea del Sur,Ecuador,12/01/2026,Visitante,0,2,Derrota,Oficial,Lluvia,7,78,10,7,54,0,1
Corea del Sur,Suiza,08/01/2026,Visitante,0,3,Derrota,Oficial,Caluroso,31,59,7,6,46,1,1
Corea del Sur,Bélgica,28/12/2025,Visitante,1,0,Victoria,Oficial,Soleado,19,39,6,7,42,1,1
Corea del Sur,Países Bajos,24/12/2025,Visitante,0,1,Derrota,Copa,Lluvia,30,93,7,5,46,0,2
Corea del Sur,Marruecos,18/12/2025,Local,2,2,Empate,Copa,Nublado,26,38,3,5,59,2,0
Corea del Sur,Suecia,11/12/2025,Local,1,0,Victoria,Oficial,Nublado,18,76,3,8,54,3,0
Corea del Sur,Costa de Marfil,02/12/2025,Local,2,1,Victoria,Amistoso,Lluvia,11,72,7,12,46,0,0
Corea del Sur,Bosnia y Herzegovina,24/11/2025,Local,1,0,Victoria,Eliminatoria,Nublado,29,42,5,7,58,3,0
Corea del Sur,Catar,19/11/2025,Local,0,0,Empate,Amistoso,Frio,9,86,3,5,51,2,1
Corea del Sur,Cabo Verde,13/11/2025,Visitante,2,1,Victoria,Amistoso,Lluvia,12,68,4,8,59,0,0
Corea del Sur,Irán,04/11/2025,Visitante,1,0,Victoria,Eliminatoria,Soleado,17,45,4,4,63,0,0
Corea del Sur,Panamá,26/10/2025,Local,1,1,Empate,Copa,Caluroso,27,82,3,9,64,5,0
Corea del Sur,Costa de Marfil,19/10/2025,Visitante,4,1,Victoria,Liga de Naciones,Lluvia,13,92,10,10,36,0,0
Corea del Sur,Nueva Zelanda,16/10/2025,Local,2,0,Victoria,Copa,Frio,13,72,6,8,59,0,0
Corea del Sur,Paraguay,09/10/2025,Local,0,0,Empate,Eliminatoria,Soleado,27,40,9,6,63,3,0
Corea del Sur,Croacia,01/10/2025,Visitante,2,2,Empate,Liga de Naciones,Nublado,22,81,9,9,58,1,0
Corea del Sur,Paraguay,22/09/2025,Local,1,1,Empate,Liga de Naciones,Lluvia,21,80,9,9,59,1,1
Corea del Sur,México,14/09/2025,Local,0,2,Derrota,Eliminatoria,Caluroso,26,49,4,4,61,3,1
Corea del Sur,Nueva Zelanda,07/09/2025,Local,3,1,Victoria,Oficial,Nublado,32,61,6,9,67,2,0
Corea del Sur,Curazao,03/09/2025,Local,5,0,Victoria,Liga de Naciones,Frio,4,50,5,15,62,1,0
Corea del Sur,Uzbekistán,26/08/2025,Visitante,1,0,Victoria,Liga de Naciones,Soleado,28,88,8,9,54,1,0
Corea del Sur,Cabo Verde,19/08/2025,Visitante,1,1,Empate,Oficial,Lluvia,25,68,4,8,38,1,1
Corea del Sur,Colombia,12/08/2025,Local,3,0,Victoria,Oficial,Frio,11,41,9,10,43,1,0
Corea del Sur,Túnez,03/08/2025,Visitante,0,1,Derrota,Eliminatoria,Soleado,33,70,4,9,44,1,0
Corea del Sur,Turquía,29/07/2025,Local,3,1,Victoria,Amistoso,Frio,10,36,4,10,53,4,1
Corea del Sur,Costa de Marfil,23/07/2025,Local,0,0,Empate,Copa,Soleado,17,69,12,8,59,2,0
Corea del Sur,Ecuador,13/07/2025,Local,1,0,Victoria,Eliminatoria,Frio,8,86,10,7,60,1,0
Corea del Sur,Escocia,08/07/2025,Local,2,1,Victoria,Eliminatoria,Frio,13,51,7,14,56,3,0
Corea del Sur,Croacia,02/07/2025,Local,1,1,Empate,Amistoso,Frio,12,43,9,7,41,0,0
Corea del Sur,Uzbekistán,22/06/2025,Visitante,3,0,Victoria,Liga de Naciones,Lluvia,19,85,3,9,44,2,0
Corea del Sur,México,18/06/2025,Visitante,3,0,Victoria,Liga de Naciones,Frio,4,66,3,10,47,0,0
Corea del Sur,Jordania,11/06/2025,Visitante,3,0,Victoria,Liga de Naciones,Frio,13,48,14,6,57,1,2
Corea del Sur,Sudáfrica,01/06/2025,Visitante,2,2,Empate,Amistoso,Frio,7,84,4,7,47,0,1
Corea del Sur,Suecia,25/05/2025,Local,1,0,Victoria,Eliminatoria,Caluroso,30,51,6,3,47,0,0
Corea del Sur,Curazao,18/05/2025,Visitante,1,0,Victoria,Oficial,Frio,13,58,8,6,53,0,0
Corea del Sur,Egipto,11/05/2025,Local,3,1,Victoria,Amistoso,Soleado,11,82,7,10,55,1,0
Costa de Marfil,Egipto,2026-05-29,Visitante,3,0,Victoria,Oficial,Soleado,23,40,4,8,44,4,0
Costa de Marfil,Sudáfrica,2026-05-18,Visitante,0,0,Empate,Eliminatoria,Soleado,27,63,5,5,41,2,0
Costa de Marfil,Túnez,2026-05-08,Visitante,1,1,Empate,Eliminatoria,Lluvia,15,88,9,4,51,0,0
Costa de Marfil,Senegal,2026-04-26,Local,1,1,Empate,Eliminatoria,Caluroso,36,44,9,6,58,1,1
Costa de Marfil,Cabo Verde,2026-04-14,Visitante,1,0,Victoria,Oficial,Soleado,19,52,3,6,47,0,0
Costa de Marfil,República Democrática del Congo,2026-04-06,Visitante,2,2,Empate,Eliminatoria,Soleado,19,67,7,7,46,0,1
Costa de Marfil,Marruecos,2026-03-25,Local,1,3,Derrota,Eliminatoria,Soleado,21,66,9,5,51,2,0
Costa de Marfil,Catar,2026-03-13,Local,2,0,Victoria,Liga de Naciones,Soleado,26,67,5,8,62,3,1
Costa de Marfil,Corea del Sur,2026-03-01,Visitante,0,1,Derrota,Eliminatoria,Soleado,28,39,6,4,55,2,1
Costa de Marfil,Croacia,2026-02-19,Local,2,0,Victoria,Amistoso,Nublado,23,72,4,8,50,2,1
Costa de Marfil,Estados Unidos,09/02/2026,Visitante,0,0,Empate,Oficial,Frio,7,43,8,6,47,0,0
Costa de Marfil,Austria,05/02/2026,Visitante,0,0,Empate,Eliminatoria,Soleado,14,55,12,8,43,1,1
Costa de Marfil,Argentina,27/01/2026,Local,0,2,Derrota,Eliminatoria,Nublado,6,74,7,4,44,2,0
Costa de Marfil,Croacia,19/01/2026,Local,3,0,Victoria,Copa,Nublado,31,87,10,10,46,0,0
Costa de Marfil,Uzbekistán,15/01/2026,Local,1,0,Victoria,Eliminatoria,Caluroso,35,56,5,6,40,2,0
Costa de Marfil,Cabo Verde,06/01/2026,Local,1,2,Derrota,Amistoso,Caluroso,29,56,12,7,66,0,0
Costa de Marfil,Ghana,30/12/2025,Visitante,1,0,Victoria,Amistoso,Caluroso,28,49,5,7,54,1,1
Costa de Marfil,Inglaterra,24/12/2025,Local,2,0,Victoria,Liga de Naciones,Soleado,32,69,6,7,40,0,0
Costa de Marfil,Argelia,15/12/2025,Visitante,1,1,Empate,Eliminatoria,Frio,11,53,4,10,46,3,0
Costa de Marfil,Uruguay,07/12/2025,Visitante,0,2,Derrota,Eliminatoria,Frio,11,47,3,6,49,2,0
Costa de Marfil,Colombia,02/12/2025,Visitante,2,3,Derrota,Liga de Naciones,Frio,10,76,5,6,35,0,0
Costa de Marfil,Haití,24/11/2025,Local,2,0,Victoria,Oficial,Frio,9,45,5,6,59,1,1
Costa de Marfil,Panamá,18/11/2025,Visitante,0,0,Empate,Oficial,Nublado,21,44,5,6,46,1,0
Costa de Marfil,Marruecos,12/11/2025,Local,1,0,Victoria,Eliminatoria,Nublado,12,40,6,7,46,1,0
Costa de Marfil,Estados Unidos,06/11/2025,Local,1,2,Derrota,Eliminatoria,Soleado,12,75,5,5,66,2,1
Costa de Marfil,Nueva Zelanda,30/10/2025,Visitante,1,0,Victoria,Oficial,Nublado,15,57,12,4,51,1,0
Costa de Marfil,Ecuador,20/10/2025,Visitante,1,1,Empate,Oficial,Caluroso,28,68,10,5,49,1,0
Costa de Marfil,Sudáfrica,13/10/2025,Local,1,0,Victoria,Liga de Naciones,Caluroso,28,49,9,6,54,0,1
Costa de Marfil,Bélgica,06/10/2025,Local,0,1,Derrota,Eliminatoria,Caluroso,34,53,3,6,30,0,2
Costa de Marfil,Uruguay,02/10/2025,Local,2,1,Victoria,Oficial,Lluvia,23,86,8,5,50,0,0
Costa de Marfil,Alemania,25/09/2025,Visitante,0,2,Derrota,Liga de Naciones,Soleado,12,42,5,5,30,0,0
Costa de Marfil,Haití,16/09/2025,Local,3,1,Victoria,Eliminatoria,Frio,3,51,6,9,48,1,0
Costa de Marfil,Ghana,11/09/2025,Visitante,2,2,Empate,Amistoso,Soleado,21,67,6,8,47,4,1
Costa de Marfil,Senegal,01/09/2025,Local,1,0,Victoria,Eliminatoria,Soleado,25,57,12,8,48,0,2
Costa de Marfil,Uzbekistán,26/08/2025,Local,4,2,Victoria,Eliminatoria,Frio,11,74,4,11,49,1,0
Costa de Marfil,Argentina,20/08/2025,Local,0,2,Derrota,Oficial,Soleado,31,81,7,6,52,0,0
Costa de Marfil,Túnez,11/08/2025,Local,3,1,Victoria,Eliminatoria,Lluvia,6,65,6,12,56,1,1
Costa de Marfil,Francia,05/08/2025,Visitante,1,2,Derrota,Oficial,Frio,13,73,8,5,53,0,1
Costa de Marfil,Inglaterra,29/07/2025,Visitante,1,3,Derrota,Oficial,Caluroso,27,38,9,5,49,0,0
Costa de Marfil,Senegal,22/07/2025,Local,1,2,Derrota,Liga de Naciones,Caluroso,28,46,6,7,38,1,0
Costa de Marfil,Cabo Verde,17/07/2025,Local,0,0,Empate,Liga de Naciones,Lluvia,20,78,5,4,61,1,0
Costa de Marfil,Panamá,10/07/2025,Local,0,0,Empate,Oficial,Caluroso,36,62,7,5,66,1,0
Costa de Marfil,Canadá,30/06/2025,Visitante,3,1,Victoria,Amistoso,Soleado,11,77,8,10,55,1,0
Costa de Marfil,Nueva Zelanda,23/06/2025,Visitante,3,0,Victoria,Liga de Naciones,Frio,13,81,9,5,37,2,1
Costa de Marfil,Panamá,17/06/2025,Visitante,2,4,Derrota,Copa,Soleado,11,60,7,9,40,0,0
Costa de Marfil,Ghana,09/06/2025,Visitante,0,1,Derrota,Liga de Naciones,Nublado,32,62,6,5,53,1,1
Costa de Marfil,Noruega,02/06/2025,Local,1,0,Victoria,Eliminatoria,Nublado,25,49,12,7,52,0,0
Costa de Marfil,Irán,28/05/2025,Visitante,2,1,Victoria,Eliminatoria,Nublado,29,68,6,8,44,1,0
Costa de Marfil,Haití,21/05/2025,Visitante,0,1,Derrota,Liga de Naciones,Lluvia,21,77,9,6,39,0,0
Costa de Marfil,Argentina,12/05/2025,Visitante,1,1,Empate,Oficial,Nublado,18,36,9,6,37,0,0
Croacia,Suecia,2026-05-28,Local,0,1,Derrota,Eliminatoria,Frio,11,54,9,3,55,2,0
Croacia,Turquía,2026-05-19,Visitante,4,2,Victoria,Amistoso,Soleado,22,35,3,11,47,1,1
Croacia,España,2026-05-06,Visitante,0,2,Derrota,Eliminatoria,Frio,13,73,3,6,52,2,1
Croacia,Bélgica,2026-04-27,Local,1,0,Victoria,Amistoso,Soleado,19,45,3,5,55,0,1
Croacia,Alemania,2026-04-17,Visitante,1,0,Victoria,Amistoso,Soleado,25,35,6,6,48,3,0
Croacia,Escocia,2026-04-06,Local,2,2,Empate,Liga de Naciones,Nublado,19,61,4,11,53,2,1
Croacia,Francia,2026-03-23,Local,0,0,Empate,Eliminatoria,Frio,12,60,6,6,51,0,0
Croacia,Costa de Marfil,2026-03-15,Local,0,1,Derrota,Eliminatoria,Lluvia,23,80,5,5,60,0,0
Croacia,Uruguay,2026-03-03,Local,3,0,Victoria,Copa,Nublado,17,79,8,9,53,0,0
Croacia,Irak,2026-02-18,Visitante,2,0,Victoria,Liga de Naciones,Soleado,27,46,9,8,56,2,0
Croacia,España,07/02/2026,Visitante,0,1,Derrota,Oficial,Soleado,21,45,14,1,57,1,0
Croacia,Argentina,01/02/2026,Local,2,0,Victoria,Eliminatoria,Nublado,33,61,10,8,59,1,0
Croacia,Nueva Zelanda,26/01/2026,Local,4,1,Victoria,Copa,Lluvia,28,81,7,11,67,3,1
Croacia,Egipto,21/01/2026,Visitante,0,1,Derrota,Amistoso,Soleado,22,69,4,6,49,1,0
Croacia,Suiza,13/01/2026,Visitante,0,1,Derrota,Copa,Caluroso,31,38,3,2,49,0,0
Croacia,Países Bajos,04/01/2026,Local,2,0,Victoria,Liga de Naciones,Caluroso,34,82,8,7,48,4,0
Croacia,España,30/12/2025,Local,0,0,Empate,Copa,Nublado,28,72,5,4,50,1,0
Croacia,Cabo Verde,23/12/2025,Visitante,2,0,Victoria,Amistoso,Frio,5,78,9,6,64,2,0
Croacia,República Checa,17/12/2025,Visitante,1,1,Empate,Liga de Naciones,Soleado,23,87,7,5,54,0,0
Croacia,Jordania,06/12/2025,Visitante,0,0,Empate,Amistoso,Lluvia,24,72,14,6,63,1,0
Croacia,Marruecos,03/12/2025,Local,1,0,Victoria,Amistoso,Lluvia,13,71,5,10,58,1,0
Croacia,Inglaterra,24/11/2025,Local,1,0,Victoria,Eliminatoria,Frio,11,54,8,4,56,1,0
Croacia,Curazao,18/11/2025,Visitante,5,0,Victoria,Copa,Soleado,6,45,12,9,53,1,1
Croacia,Argelia,09/11/2025,Local,4,0,Victoria,Oficial,Lluvia,9,68,7,10,71,2,1
Croacia,Cabo Verde,03/11/2025,Local,1,0,Victoria,Eliminatoria,Caluroso,28,47,5,6,57,1,0
Croacia,Sudáfrica,28/10/2025,Visitante,0,0,Empate,Liga de Naciones,Soleado,21,68,5,7,67,0,0
Croacia,Países Bajos,20/10/2025,Visitante,0,0,Empate,Oficial,Lluvia,18,66,14,4,50,1,0
Croacia,Portugal,14/10/2025,Local,1,2,Derrota,Oficial,Soleado,28,52,6,5,63,1,0
Croacia,Túnez,08/10/2025,Local,0,1,Derrota,Copa,Soleado,19,55,14,7,50,0,0
Croacia,Suiza,27/09/2025,Local,2,0,Victoria,Oficial,Caluroso,30,42,10,7,56,0,0
Croacia,Sudáfrica,20/09/2025,Local,1,0,Victoria,Copa,Frio,9,74,14,7,68,2,1
Croacia,Francia,15/09/2025,Local,2,1,Victoria,Eliminatoria,Caluroso,35,82,5,8,61,2,0
Croacia,Irak,06/09/2025,Local,2,0,Victoria,Liga de Naciones,Nublado,6,87,3,6,52,2,0
Croacia,Ghana,30/08/2025,Visitante,3,3,Empate,Liga de Naciones,Caluroso,31,52,6,6,56,0,1
Croacia,Japón,24/08/2025,Visitante,5,0,Victoria,Amistoso,Caluroso,34,86,8,12,66,0,0
Croacia,Marruecos,17/08/2025,Local,5,0,Victoria,Eliminatoria,Nublado,18,70,5,12,49,3,1
Croacia,España,11/08/2025,Visitante,2,2,Empate,Liga de Naciones,Frio,12,74,9,9,42,1,0
Croacia,Senegal,02/08/2025,Local,2,0,Victoria,Oficial,Caluroso,34,57,5,7,53,0,0
Croacia,Egipto,30/07/2025,Local,3,0,Victoria,Liga de Naciones,Soleado,21,84,9,6,63,1,1
Croacia,España,19/07/2025,Local,1,5,Derrota,Eliminatoria,Frio,4,69,4,7,46,2,0
Croacia,Costa de Marfil,14/07/2025,Visitante,1,1,Empate,Amistoso,Nublado,21,52,7,9,59,1,0
Croacia,Argentina,06/07/2025,Visitante,0,0,Empate,Amistoso,Soleado,6,59,9,5,37,1,1
Croacia,Inglaterra,29/06/2025,Visitante,1,2,Derrota,Eliminatoria,Caluroso,36,82,9,5,56,0,0
Croacia,Portugal,24/06/2025,Local,1,1,Empate,Eliminatoria,Caluroso,28,63,4,5,44,1,0
Croacia,España,16/06/2025,Local,0,0,Empate,Oficial,Nublado,34,39,3,7,41,2,0
Croacia,Francia,11/06/2025,Local,6,2,Victoria,Liga de Naciones,Nublado,25,46,10,11,57,0,0
Croacia,Escocia,02/06/2025,Visitante,6,1,Victoria,Oficial,Soleado,16,51,4,13,55,0,0
Croacia,Noruega,27/05/2025,Visitante,1,1,Empate,Oficial,Soleado,34,73,12,6,46,1,1
Croacia,Suiza,17/05/2025,Visitante,3,0,Victoria,Eliminatoria,Caluroso,31,76,3,10,39,0,1
Croacia,Bosnia y Herzegovina,14/05/2025,Local,1,0,Victoria,Liga de Naciones,Caluroso,28,49,14,4,49,1,0
Curazao,Estados Unidos,2026-05-29,Local,2,1,Victoria,Eliminatoria,Soleado,30,38,4,3,57,1,1
Curazao,Canadá,2026-05-18,Visitante,1,1,Empate,Eliminatoria,Lluvia,18,82,3,4,44,2,0
Curazao,Panamá,2026-05-08,Visitante,0,2,Derrota,Oficial,Caluroso,33,65,3,6,47,1,0
Curazao,México,2026-04-26,Visitante,0,2,Derrota,Eliminatoria,Frio,13,56,5,3,47,0,0
Curazao,Haití,2026-04-14,Visitante,0,4,Derrota,Amistoso,Soleado,30,35,8,6,40,0,0
Curazao,Sudáfrica,2026-04-04,Local,2,0,Victoria,Eliminatoria,Lluvia,16,79,3,5,50,1,0
Curazao,Uruguay,2026-03-24,Local,0,2,Derrota,Amistoso,Nublado,16,80,8,1,40,2,0
Curazao,Argelia,2026-03-15,Visitante,3,3,Empate,Eliminatoria,Soleado,28,53,7,7,46,2,0
Curazao,Ghana,2026-03-03,Visitante,1,3,Derrota,Liga de Naciones,Lluvia,15,92,6,4,36,0,0
Curazao,Irak,2026-02-20,Local,1,0,Victoria,Oficial,Nublado,23,68,8,7,49,3,0
Curazao,Brasil,12/02/2026,Visitante,1,1,Empate,Liga de Naciones,Caluroso,26,59,7,4,39,1,0
Curazao,Turquía,06/02/2026,Local,1,0,Victoria,Eliminatoria,Caluroso,29,65,3,6,50,1,0
Curazao,Bélgica,30/01/2026,Local,0,2,Derrota,Eliminatoria,Frio,13,52,4,4,36,2,0
Curazao,Argelia,22/01/2026,Visitante,0,1,Derrota,Oficial,Soleado,34,75,7,4,47,0,0
Curazao,Austria,13/01/2026,Visitante,0,2,Derrota,Eliminatoria,Frio,10,70,3,7,41,0,0
Curazao,Brasil,09/01/2026,Local,3,2,Victoria,Amistoso,Frio,12,83,8,10,70,1,0
Curazao,Senegal,30/12/2025,Local,1,2,Derrota,Copa,Caluroso,34,43,6,9,57,0,1
Curazao,República Democrática del Congo,26/12/2025,Local,1,0,Victoria,Liga de Naciones,Caluroso,33,66,14,5,67,5,0
Curazao,Inglaterra,16/12/2025,Local,0,1,Derrota,Liga de Naciones,Soleado,6,64,10,2,38,5,2
Curazao,Corea del Sur,12/12/2025,Local,0,1,Derrota,Amistoso,Soleado,12,44,6,4,56,2,0
Curazao,Paraguay,02/12/2025,Visitante,3,3,Empate,Eliminatoria,Nublado,13,55,8,7,61,0,0
Curazao,República Democrática del Congo,27/11/2025,Visitante,1,0,Victoria,Amistoso,Lluvia,33,71,6,6,43,2,0
Curazao,Francia,20/11/2025,Local,1,0,Victoria,Oficial,Frio,4,76,8,8,47,0,1
Curazao,Alemania,11/11/2025,Visitante,1,2,Derrota,Amistoso,Nublado,7,59,5,9,43,0,0
Curazao,México,07/11/2025,Local,2,2,Empate,Eliminatoria,Soleado,13,71,3,5,40,1,0
Curazao,Portugal,27/10/2025,Visitante,1,3,Derrota,Oficial,Nublado,11,43,12,2,40,0,1
Curazao,Australia,21/10/2025,Visitante,1,1,Empate,Liga de Naciones,Nublado,12,75,3,1,61,2,1
Curazao,Argelia,15/10/2025,Visitante,0,1,Derrota,Amistoso,Caluroso,29,36,6,6,39,1,0
Curazao,Alemania,09/10/2025,Visitante,1,1,Empate,Oficial,Lluvia,11,78,10,4,45,1,0
Curazao,Túnez,29/09/2025,Local,3,0,Victoria,Eliminatoria,Soleado,28,78,12,8,56,0,0
Curazao,Panamá,26/09/2025,Visitante,0,2,Derrota,Amistoso,Lluvia,30,88,7,7,35,1,1
Curazao,México,18/09/2025,Local,0,2,Derrota,Amistoso,Frio,6,47,3,6,41,2,0
Curazao,Austria,09/09/2025,Visitante,0,4,Derrota,Liga de Naciones,Frio,11,73,12,4,41,0,0
Curazao,Cabo Verde,03/09/2025,Visitante,1,0,Victoria,Amistoso,Caluroso,33,78,14,7,57,1,1
Curazao,Brasil,29/08/2025,Local,2,0,Victoria,Liga de Naciones,Nublado,12,44,14,11,53,1,0
Curazao,Nueva Zelanda,18/08/2025,Local,0,1,Derrota,Eliminatoria,Caluroso,36,53,4,4,52,1,1
Curazao,Irak,15/08/2025,Visitante,1,1,Empate,Liga de Naciones,Frio,5,80,7,6,59,1,0
Curazao,Turquía,05/08/2025,Visitante,2,2,Empate,Eliminatoria,Soleado,19,44,14,9,33,1,0
Curazao,Escocia,01/08/2025,Visitante,0,0,Empate,Liga de Naciones,Nublado,15,42,6,5,43,2,1
Curazao,Portugal,21/07/2025,Local,2,4,Derrota,Oficial,Lluvia,9,82,5,8,38,1,0
Curazao,Sudáfrica,15/07/2025,Local,3,1,Victoria,Eliminatoria,Lluvia,19,73,4,10,72,0,0
Curazao,Turquía,11/07/2025,Visitante,1,2,Derrota,Eliminatoria,Caluroso,31,73,14,6,56,1,1
Curazao,México,04/07/2025,Local,0,1,Derrota,Copa,Soleado,20,65,9,6,47,1,0
Curazao,Cabo Verde,23/06/2025,Visitante,0,2,Derrota,Copa,Caluroso,33,55,7,4,45,1,1
Curazao,Uruguay,16/06/2025,Local,0,1,Derrota,Copa,Frio,4,62,7,7,41,1,0
Curazao,Irak,09/06/2025,Local,0,0,Empate,Oficial,Soleado,28,57,8,7,62,0,0
Curazao,Francia,06/06/2025,Local,0,0,Empate,Eliminatoria,Caluroso,31,78,12,5,46,1,0
Curazao,Jordania,26/05/2025,Visitante,2,0,Victoria,Eliminatoria,Nublado,6,41,8,6,33,1,0
Curazao,Japón,20/05/2025,Visitante,0,4,Derrota,Amistoso,Caluroso,36,61,6,7,45,0,0
Curazao,Jordania,16/05/2025,Local,3,1,Victoria,Liga de Naciones,Frio,6,55,3,9,63,0,0
Ecuador,Uruguay,2026-05-29,Local,1,1,Empate,Liga de Naciones,Soleado,19,67,4,7,49,0,0
Ecuador,Paraguay,2026-05-17,Visitante,1,0,Victoria,Copa,Lluvia,25,90,8,7,48,1,0
Ecuador,Argentina,2026-05-07,Local,0,1,Derrota,Amistoso,Nublado,22,78,8,2,49,0,0
Ecuador,Brasil,2026-04-28,Local,0,1,Derrota,Eliminatoria,Soleado,27,55,8,4,56,2,1
Ecuador,Colombia,2026-04-15,Local,2,1,Victoria,Eliminatoria,Soleado,18,69,4,6,50,1,2
Ecuador,Ghana,2026-04-06,Visitante,1,0,Victoria,Amistoso,Soleado,22,42,5,6,40,1,0
Ecuador,Curazao,2026-03-23,Local,1,0,Victoria,Oficial,Caluroso,32,58,4,7,55,1,0
Ecuador,Catar,2026-03-15,Visitante,5,3,Victoria,Eliminatoria,Caluroso,34,58,5,10,49,1,0
Ecuador,Irak,2026-03-02,Visitante,2,0,Victoria,Eliminatoria,Frio,9,54,4,12,53,1,0
Ecuador,España,2026-02-20,Local,1,3,Derrota,Eliminatoria,Lluvia,22,92,8,5,54,1,0
Ecuador,México,12/02/2026,Local,1,2,Derrota,Eliminatoria,Lluvia,7,68,8,3,37,3,1
Ecuador,República Checa,06/02/2026,Visitante,2,0,Victoria,Oficial,Frio,6,74,7,11,39,3,0
Ecuador,Túnez,30/01/2026,Local,0,0,Empate,Liga de Naciones,Soleado,30,85,3,3,62,3,0
Ecuador,Catar,20/01/2026,Visitante,2,0,Victoria,Liga de Naciones,Lluvia,30,85,10,4,48,0,0
Ecuador,Costa de Marfil,14/01/2026,Local,1,0,Victoria,Liga de Naciones,Frio,10,85,14,6,61,3,0
Ecuador,Jordania,08/01/2026,Local,2,1,Victoria,Oficial,Soleado,11,73,6,8,61,0,0
Ecuador,Curazao,29/12/2025,Visitante,2,0,Victoria,Eliminatoria,Lluvia,23,82,14,7,58,1,1
Ecuador,Sudáfrica,22/12/2025,Visitante,2,0,Victoria,Amistoso,Soleado,26,84,5,11,50,0,0
Ecuador,Catar,15/12/2025,Visitante,2,1,Victoria,Oficial,Caluroso,36,50,10,7,46,0,1
Ecuador,República Checa,09/12/2025,Visitante,0,1,Derrota,Eliminatoria,Lluvia,6,89,12,10,54,1,0
Ecuador,Alemania,05/12/2025,Local,1,0,Victoria,Liga de Naciones,Caluroso,32,74,6,8,42,0,1
Ecuador,Senegal,28/11/2025,Local,1,0,Victoria,Amistoso,Caluroso,31,73,12,8,58,0,0
Ecuador,Uzbekistán,20/11/2025,Visitante,2,1,Victoria,Liga de Naciones,Nublado,7,44,7,10,50,0,0
Ecuador,Egipto,11/11/2025,Local,1,1,Empate,Eliminatoria,Caluroso,27,41,4,5,53,1,0
Ecuador,Sudáfrica,07/11/2025,Local,6,1,Victoria,Amistoso,Soleado,29,61,9,14,54,1,0
Ecuador,Irán,30/10/2025,Local,1,2,Derrota,Liga de Naciones,Frio,13,44,6,4,50,1,1
Ecuador,Jordania,21/10/2025,Local,2,2,Empate,Amistoso,Lluvia,15,88,12,9,54,0,0
Ecuador,Haití,17/10/2025,Local,5,0,Victoria,Eliminatoria,Caluroso,30,45,7,11,68,0,0
Ecuador,Túnez,06/10/2025,Visitante,0,0,Empate,Amistoso,Lluvia,15,68,3,7,75,1,0
Ecuador,España,03/10/2025,Visitante,1,1,Empate,Oficial,Frio,8,74,9,7,43,2,1
Ecuador,Sudáfrica,24/09/2025,Visitante,1,3,Derrota,Copa,Frio,13,88,8,4,51,1,0
Ecuador,Bélgica,19/09/2025,Visitante,0,1,Derrota,Liga de Naciones,Caluroso,34,37,8,9,51,1,0
Ecuador,Costa de Marfil,10/09/2025,Visitante,2,4,Derrota,Amistoso,Lluvia,12,86,7,8,64,1,0
Ecuador,Irán,04/09/2025,Local,0,0,Empate,Liga de Naciones,Caluroso,32,55,4,6,49,0,0
Ecuador,Arabia Saudita,29/08/2025,Visitante,2,1,Victoria,Amistoso,Caluroso,25,61,4,8,58,2,0
Ecuador,Colombia,18/08/2025,Visitante,4,1,Victoria,Eliminatoria,Frio,10,70,12,12,51,0,2
Ecuador,Estados Unidos,12/08/2025,Local,1,2,Derrota,Amistoso,Caluroso,26,77,7,4,52,1,0
Ecuador,Catar,04/08/2025,Visitante,2,0,Victoria,Eliminatoria,Soleado,12,65,9,8,64,0,0
Ecuador,Portugal,29/07/2025,Local,0,0,Empate,Amistoso,Lluvia,6,72,10,8,50,1,0
Ecuador,Uruguay,23/07/2025,Visitante,3,2,Victoria,Liga de Naciones,Frio,14,39,7,9,55,2,0
Ecuador,Países Bajos,18/07/2025,Visitante,0,1,Derrota,Eliminatoria,Soleado,20,82,4,6,46,0,1
Ecuador,Curazao,11/07/2025,Local,0,1,Derrota,Eliminatoria,Caluroso,33,46,12,8,55,1,1
Ecuador,Austria,02/07/2025,Local,1,0,Victoria,Amistoso,Frio,8,86,7,8,55,1,2
Ecuador,Noruega,23/06/2025,Local,1,0,Victoria,Copa,Lluvia,25,93,7,10,49,1,0
Ecuador,Croacia,16/06/2025,Visitante,0,1,Derrota,Liga de Naciones,Frio,9,38,3,8,55,2,1
Ecuador,Suecia,13/06/2025,Visitante,0,1,Derrota,Liga de Naciones,Soleado,21,38,8,5,38,2,0
Ecuador,Estados Unidos,06/06/2025,Local,1,2,Derrota,Copa,Lluvia,20,73,3,6,51,0,0
Ecuador,Catar,26/05/2025,Visitante,4,1,Victoria,Liga de Naciones,Soleado,27,85,14,9,37,1,0
Ecuador,Túnez,21/05/2025,Visitante,2,1,Victoria,Eliminatoria,Nublado,10,39,12,10,64,1,0
Ecuador,Catar,16/05/2025,Local,5,2,Victoria,Liga de Naciones,Nublado,11,69,6,12,54,0,0
Egipto,Marruecos,2026-05-28,Visitante,0,1,Derrota,Amistoso,Soleado,25,46,5,1,50,1,0
Egipto,Sudáfrica,2026-05-18,Local,4,0,Victoria,Liga de Naciones,Caluroso,31,61,6,12,47,0,1
Egipto,Túnez,2026-05-07,Visitante,2,1,Victoria,Eliminatoria,Soleado,24,37,3,6,54,0,0
Egipto,Cabo Verde,2026-04-27,Visitante,0,0,Empate,Eliminatoria,Nublado,22,81,8,6,55,0,0
Egipto,Argelia,2026-04-15,Local,2,3,Derrota,Copa,Soleado,21,66,6,9,55,2,0
Egipto,Senegal,2026-04-03,Local,1,1,Empate,Copa,Nublado,19,64,6,4,55,0,0
Egipto,República Democrática del Congo,2026-03-25,Local,2,0,Victoria,Liga de Naciones,Lluvia,23,95,5,8,46,1,0
Egipto,Uzbekistán,2026-03-15,Local,0,1,Derrota,Eliminatoria,Soleado,18,60,3,3,48,1,1
Egipto,Croacia,2026-03-02,Local,3,2,Victoria,Eliminatoria,Lluvia,15,82,3,8,49,3,0
Egipto,Paraguay,2026-02-20,Visitante,0,1,Derrota,Eliminatoria,Caluroso,36,62,7,3,47,0,1
Egipto,Senegal,12/02/2026,Local,0,5,Derrota,Eliminatoria,Soleado,34,87,12,6,39,0,0
Egipto,Arabia Saudita,02/02/2026,Local,3,1,Victoria,Amistoso,Lluvia,5,72,7,11,63,0,0
Egipto,Países Bajos,26/01/2026,Visitante,3,1,Victoria,Liga de Naciones,Caluroso,28,41,3,10,49,0,0
Egipto,Irak,20/01/2026,Visitante,3,1,Victoria,Oficial,Caluroso,35,55,5,10,44,3,0
Egipto,Marruecos,13/01/2026,Local,0,0,Empate,Liga de Naciones,Frio,13,77,9,3,54,1,1
Egipto,Países Bajos,05/01/2026,Local,1,5,Derrota,Amistoso,Nublado,22,79,5,7,43,0,1
Egipto,Inglaterra,31/12/2025,Visitante,0,3,Derrota,Copa,Caluroso,32,56,7,1,39,1,0
Egipto,Japón,22/12/2025,Visitante,1,3,Derrota,Amistoso,Frio,9,60,4,7,44,2,0
Egipto,Escocia,15/12/2025,Visitante,2,0,Victoria,Copa,Soleado,29,83,5,4,55,1,0
Egipto,Suiza,09/12/2025,Visitante,0,1,Derrota,Liga de Naciones,Nublado,17,54,6,4,48,1,0
Egipto,Catar,04/12/2025,Local,2,1,Victoria,Amistoso,Lluvia,12,68,9,9,56,0,1
Egipto,Irán,27/11/2025,Visitante,2,0,Victoria,Amistoso,Nublado,27,74,5,9,59,0,0
Egipto,Irán,19/11/2025,Visitante,1,2,Derrota,Eliminatoria,Frio,4,71,6,10,52,0,0
Egipto,Corea del Sur,13/11/2025,Local,0,2,Derrota,Oficial,Lluvia,15,83,8,9,50,1,0
Egipto,Uzbekistán,07/11/2025,Local,1,1,Empate,Amistoso,Lluvia,16,73,10,6,60,0,0
Egipto,Irán,28/10/2025,Local,0,1,Derrota,Eliminatoria,Frio,14,84,14,9,44,2,0
Egipto,Cabo Verde,21/10/2025,Visitante,0,1,Derrota,Liga de Naciones,Caluroso,36,51,3,6,46,0,0
Egipto,Paraguay,13/10/2025,Local,1,0,Victoria,Eliminatoria,Nublado,15,86,5,4,44,1,0
Egipto,Turquía,07/10/2025,Local,0,1,Derrota,Oficial,Caluroso,31,41,10,6,44,0,0
Egipto,Países Bajos,03/10/2025,Visitante,0,2,Derrota,Eliminatoria,Lluvia,32,88,7,5,61,0,1
Egipto,Sudáfrica,24/09/2025,Local,4,1,Victoria,Eliminatoria,Frio,12,63,14,10,60,0,0
Egipto,Argelia,16/09/2025,Visitante,2,2,Empate,Oficial,Frio,4,78,4,7,45,2,0
Egipto,Japón,11/09/2025,Local,1,0,Victoria,Copa,Caluroso,33,54,14,8,45,1,1
Egipto,Sudáfrica,03/09/2025,Local,3,0,Victoria,Liga de Naciones,Frio,3,66,7,6,60,2,0
Egipto,Canadá,27/08/2025,Visitante,2,6,Derrota,Oficial,Caluroso,32,53,9,6,53,2,1
Egipto,Catar,21/08/2025,Local,5,0,Victoria,Eliminatoria,Frio,9,52,3,12,54,2,0
Egipto,Marruecos,14/08/2025,Local,1,1,Empate,Amistoso,Caluroso,35,66,9,6,42,1,0
Egipto,Ecuador,07/08/2025,Local,0,1,Derrota,Eliminatoria,Nublado,13,73,6,5,49,0,0
Egipto,Canadá,31/07/2025,Visitante,1,0,Victoria,Oficial,Lluvia,33,72,9,5,49,0,2
Egipto,Ghana,22/07/2025,Local,1,1,Empate,Liga de Naciones,Soleado,15,86,7,4,41,2,1
Egipto,Uzbekistán,18/07/2025,Visitante,0,0,Empate,Amistoso,Frio,12,59,10,5,40,2,1
Egipto,Cabo Verde,10/07/2025,Visitante,3,1,Victoria,Liga de Naciones,Soleado,20,76,4,6,46,2,0
Egipto,Curazao,01/07/2025,Local,2,1,Victoria,Copa,Nublado,28,82,10,7,58,2,1
Egipto,Canadá,27/06/2025,Local,0,0,Empate,Amistoso,Caluroso,32,46,4,4,54,1,0
Egipto,Irán,17/06/2025,Visitante,0,1,Derrota,Eliminatoria,Caluroso,33,67,7,5,46,0,2
Egipto,Japón,11/06/2025,Visitante,1,0,Victoria,Liga de Naciones,Lluvia,31,77,3,4,34,2,0
Egipto,Corea del Sur,06/06/2025,Visitante,3,1,Victoria,Oficial,Lluvia,22,78,6,9,33,1,0
Egipto,Francia,30/05/2025,Visitante,1,0,Victoria,Eliminatoria,Soleado,13,60,12,7,40,0,0
Egipto,Paraguay,19/05/2025,Visitante,0,4,Derrota,Amistoso,Caluroso,28,57,5,3,55,0,0
Egipto,Ecuador,13/05/2025,Visitante,1,3,Derrota,Liga de Naciones,Caluroso,34,60,7,6,47,1,2
Escocia,Noruega,2026-05-29,Visitante,2,2,Empate,Oficial,Nublado,17,77,7,10,54,1,1
Escocia,Francia,2026-05-18,Local,1,2,Derrota,Eliminatoria,Lluvia,25,78,8,6,52,0,0
Escocia,Bosnia y Herzegovina,2026-05-08,Visitante,1,0,Victoria,Eliminatoria,Soleado,21,67,9,6,50,0,1
Escocia,Turquía,2026-04-27,Visitante,1,0,Victoria,Eliminatoria,Nublado,22,79,8,7,51,1,0
Escocia,Alemania,2026-04-17,Local,0,1,Derrota,Eliminatoria,Soleado,22,64,5,5,47,2,1
Escocia,España,2026-04-03,Visitante,0,1,Derrota,Amistoso,Nublado,15,81,6,5,38,0,0
Escocia,Croacia,2026-03-23,Visitante,0,1,Derrota,Eliminatoria,Nublado,17,80,4,6,45,2,1
Escocia,Corea del Sur,2026-03-13,Local,3,2,Victoria,Liga de Naciones,Soleado,30,40,3,9,50,0,0
Escocia,República Democrática del Congo,2026-03-04,Visitante,0,4,Derrota,Oficial,Lluvia,19,93,9,7,45,0,0
Escocia,Curazao,2026-02-19,Visitante,2,2,Empate,Eliminatoria,Frio,6,69,8,9,45,2,0
Escocia,Corea del Sur,12/02/2026,Local,2,2,Empate,Liga de Naciones,Nublado,24,50,8,7,49,1,0
Escocia,Francia,03/02/2026,Local,2,2,Empate,Oficial,Soleado,22,61,7,5,53,0,0
Escocia,Países Bajos,26/01/2026,Local,0,1,Derrota,Eliminatoria,Lluvia,14,91,12,5,36,1,0
Escocia,Nueva Zelanda,19/01/2026,Local,0,1,Derrota,Eliminatoria,Lluvia,27,86,7,4,27,0,0
Escocia,Egipto,13/01/2026,Local,2,1,Victoria,Liga de Naciones,Nublado,7,87,5,8,64,2,0
Escocia,Corea del Sur,04/01/2026,Local,3,1,Victoria,Oficial,Soleado,33,77,14,9,50,1,2
Escocia,República Checa,30/12/2025,Local,0,0,Empate,Amistoso,Frio,5,57,3,3,58,1,1
Escocia,Australia,23/12/2025,Visitante,1,0,Victoria,Oficial,Lluvia,9,68,5,5,49,2,1
Escocia,República Checa,15/12/2025,Local,2,5,Derrota,Copa,Lluvia,20,75,14,8,56,1,1
Escocia,Senegal,10/12/2025,Local,2,1,Victoria,Eliminatoria,Soleado,21,38,3,8,46,2,0
Escocia,República Democrática del Congo,01/12/2025,Local,1,2,Derrota,Eliminatoria,Nublado,14,59,5,6,51,2,0
Escocia,Sudáfrica,27/11/2025,Local,2,1,Victoria,Oficial,Caluroso,30,80,8,7,45,1,0
Escocia,Senegal,19/11/2025,Local,3,1,Victoria,Eliminatoria,Soleado,15,36,3,8,43,3,0
Escocia,Corea del Sur,10/11/2025,Local,0,3,Derrota,Amistoso,Frio,7,72,3,6,36,4,1
Escocia,Catar,03/11/2025,Visitante,0,0,Empate,Oficial,Caluroso,30,86,14,5,43,0,2
Escocia,Jordania,26/10/2025,Visitante,1,1,Empate,Liga de Naciones,Soleado,30,54,3,7,55,0,0
Escocia,Ghana,21/10/2025,Visitante,2,0,Victoria,Oficial,Nublado,5,51,12,10,47,0,0
Escocia,Japón,13/10/2025,Visitante,1,1,Empate,Eliminatoria,Soleado,33,36,4,7,42,1,1
Escocia,Bosnia y Herzegovina,05/10/2025,Local,0,0,Empate,Oficial,Nublado,6,57,14,2,65,1,0
Escocia,Brasil,30/09/2025,Local,1,1,Empate,Oficial,Caluroso,27,62,10,6,53,1,0
Escocia,Nueva Zelanda,25/09/2025,Visitante,0,2,Derrota,Eliminatoria,Nublado,21,54,12,5,51,2,0
Escocia,Países Bajos,15/09/2025,Local,3,2,Victoria,Amistoso,Frio,7,55,12,9,52,1,0
Escocia,Costa de Marfil,10/09/2025,Visitante,0,1,Derrota,Oficial,Nublado,33,65,14,5,34,0,0
Escocia,Paraguay,01/09/2025,Visitante,0,2,Derrota,Amistoso,Caluroso,30,57,4,8,52,1,0
Escocia,Bosnia y Herzegovina,27/08/2025,Local,1,0,Victoria,Amistoso,Soleado,18,62,4,5,46,0,0
Escocia,Ecuador,21/08/2025,Local,1,1,Empate,Oficial,Caluroso,26,62,10,10,50,1,0
Escocia,Colombia,12/08/2025,Visitante,0,2,Derrota,Oficial,Nublado,23,39,10,3,40,1,0
Escocia,Uzbekistán,06/08/2025,Visitante,4,1,Victoria,Eliminatoria,Soleado,31,75,10,11,43,0,1
Escocia,Corea del Sur,29/07/2025,Visitante,1,3,Derrota,Oficial,Soleado,28,61,12,7,51,1,0
Escocia,Argelia,24/07/2025,Visitante,1,0,Victoria,Liga de Naciones,Frio,14,85,12,9,41,0,0
Escocia,Brasil,13/07/2025,Visitante,1,2,Derrota,Copa,Soleado,32,37,7,8,52,1,0
Escocia,Portugal,06/07/2025,Visitante,0,1,Derrota,Eliminatoria,Nublado,9,84,14,7,35,3,0
Escocia,Túnez,30/06/2025,Local,0,1,Derrota,Liga de Naciones,Soleado,5,55,7,5,53,2,0
Escocia,México,23/06/2025,Visitante,1,1,Empate,Oficial,Caluroso,34,43,6,6,36,2,1
Escocia,República Democrática del Congo,15/06/2025,Local,2,0,Victoria,Eliminatoria,Frio,3,52,6,9,49,1,0
Escocia,Ecuador,10/06/2025,Visitante,0,0,Empate,Copa,Lluvia,14,78,12,3,42,0,0
Escocia,España,04/06/2025,Local,0,1,Derrota,Copa,Nublado,9,35,5,6,52,2,0
Escocia,México,29/05/2025,Local,1,0,Victoria,Liga de Naciones,Lluvia,25,68,12,8,50,0,0
Escocia,Corea del Sur,21/05/2025,Local,0,1,Derrota,Eliminatoria,Frio,8,81,7,8,62,1,0
Escocia,Senegal,12/05/2025,Local,1,4,Derrota,Eliminatoria,Nublado,17,48,10,8,41,0,0
España,Bosnia y Herzegovina,2026-05-31,Local,4,0,Victoria,Oficial,Caluroso,28,34,6,10,48,1,0
España,Francia,2026-05-17,Visitante,4,1,Victoria,Eliminatoria,Nublado,24,84,3,10,55,0,1
España,República Checa,2026-05-06,Visitante,2,1,Victoria,Eliminatoria,Nublado,16,85,5,8,56,0,0
España,Bélgica,2026-04-27,Local,0,1,Derrota,Eliminatoria,Frio,6,65,3,5,59,3,0
España,Croacia,2026-04-16,Visitante,0,1,Derrota,Oficial,Soleado,22,70,5,4,47,0,1
España,Austria,2026-04-04,Local,6,1,Victoria,Liga de Naciones,Soleado,21,45,6,10,54,0,1
España,Suiza,2026-03-23,Local,2,0,Victoria,Liga de Naciones,Caluroso,32,47,3,8,49,1,0
España,Catar,2026-03-12,Local,2,1,Victoria,Eliminatoria,Soleado,25,66,9,7,53,2,0
España,Marruecos,2026-03-01,Visitante,1,1,Empate,Eliminatoria,Nublado,22,61,4,6,49,0,0
España,Egipto,2026-02-19,Local,1,1,Empate,Liga de Naciones,Soleado,30,57,4,7,57,0,0
España,Jordania,09/02/2026,Local,2,2,Empate,Liga de Naciones,Lluvia,5,94,5,9,46,0,0
España,Túnez,01/02/2026,Local,1,0,Victoria,Copa,Lluvia,29,85,6,5,66,1,0
España,República Democrática del Congo,28/01/2026,Local,1,0,Victoria,Eliminatoria,Caluroso,35,70,6,8,60,0,0
España,Francia,22/01/2026,Visitante,2,1,Victoria,Oficial,Soleado,34,87,12,6,42,1,0
España,Francia,11/01/2026,Local,0,0,Empate,Oficial,Lluvia,11,77,14,7,58,1,0
España,Ghana,04/01/2026,Local,3,1,Victoria,Amistoso,Nublado,12,80,5,10,71,1,0
España,Canadá,31/12/2025,Visitante,2,1,Victoria,Oficial,Caluroso,28,71,10,5,65,2,0
España,Corea del Sur,25/12/2025,Local,3,0,Victoria,Eliminatoria,Soleado,16,49,6,9,54,3,0
España,Paraguay,16/12/2025,Local,0,0,Empate,Oficial,Soleado,22,81,9,2,64,1,0
España,Turquía,10/12/2025,Visitante,1,1,Empate,Oficial,Nublado,16,77,6,9,38,1,0
España,Túnez,30/11/2025,Visitante,2,0,Victoria,Eliminatoria,Nublado,29,48,9,8,46,3,0
España,Paraguay,25/11/2025,Local,4,0,Victoria,Amistoso,Soleado,19,62,9,9,48,0,0
España,Curazao,17/11/2025,Local,3,1,Victoria,Oficial,Soleado,25,82,12,9,54,2,1
España,Alemania,10/11/2025,Local,1,1,Empate,Liga de Naciones,Caluroso,31,80,8,9,59,1,0
España,Uzbekistán,04/11/2025,Visitante,1,1,Empate,Amistoso,Soleado,27,63,6,2,46,1,1
España,Brasil,28/10/2025,Visitante,2,3,Derrota,Liga de Naciones,Nublado,21,84,8,5,38,1,0
España,Uzbekistán,20/10/2025,Visitante,2,0,Victoria,Oficial,Caluroso,26,42,8,6,48,1,0
España,Curazao,16/10/2025,Local,2,0,Victoria,Liga de Naciones,Lluvia,19,65,5,4,62,0,0
España,Australia,06/10/2025,Visitante,2,1,Victoria,Liga de Naciones,Caluroso,30,70,6,9,55,2,0
España,Turquía,30/09/2025,Local,2,0,Victoria,Oficial,Nublado,9,42,3,9,50,0,1
España,República Democrática del Congo,21/09/2025,Local,2,0,Victoria,Eliminatoria,Soleado,28,42,3,8,59,0,0
España,Paraguay,16/09/2025,Local,0,0,Empate,Amistoso,Soleado,18,73,7,5,60,1,1
España,Países Bajos,08/09/2025,Visitante,2,1,Victoria,Eliminatoria,Lluvia,11,79,9,11,50,1,0
España,Ecuador,02/09/2025,Local,4,0,Victoria,Liga de Naciones,Frio,12,49,14,13,47,1,1
España,Egipto,28/08/2025,Visitante,3,1,Victoria,Amistoso,Soleado,16,40,10,9,69,2,1
España,Portugal,17/08/2025,Visitante,2,3,Derrota,Amistoso,Nublado,33,48,4,8,58,2,0
España,Egipto,14/08/2025,Visitante,3,0,Victoria,Eliminatoria,Frio,4,58,14,7,58,3,0
España,Argentina,05/08/2025,Local,2,0,Victoria,Liga de Naciones,Nublado,21,67,14,7,48,1,0
España,Austria,29/07/2025,Visitante,0,0,Empate,Eliminatoria,Lluvia,15,65,5,6,51,2,0
España,Australia,24/07/2025,Visitante,2,1,Victoria,Amistoso,Frio,6,50,6,7,55,0,0
España,Argelia,17/07/2025,Local,1,0,Victoria,Liga de Naciones,Caluroso,32,60,12,5,52,1,0
España,Uruguay,06/07/2025,Visitante,1,0,Victoria,Oficial,Frio,6,40,10,8,54,1,1
España,Jordania,02/07/2025,Visitante,1,0,Victoria,Liga de Naciones,Frio,13,55,5,5,49,2,0
España,Argelia,22/06/2025,Visitante,0,1,Derrota,Oficial,Frio,9,70,9,4,38,3,0
España,República Checa,18/06/2025,Visitante,3,0,Victoria,Oficial,Caluroso,35,88,12,8,56,2,0
España,Marruecos,08/06/2025,Visitante,0,1,Derrota,Liga de Naciones,Caluroso,35,66,4,2,55,1,0
España,Brasil,02/06/2025,Visitante,1,0,Victoria,Oficial,Nublado,12,82,10,6,56,1,1
España,Estados Unidos,26/05/2025,Local,3,2,Victoria,Liga de Naciones,Soleado,29,65,3,7,49,0,0
España,Uruguay,20/05/2025,Visitante,3,0,Victoria,Eliminatoria,Nublado,32,80,7,6,63,0,0
España,Alemania,14/05/2025,Local,2,1,Victoria,Oficial,Soleado,28,87,4,8,55,2,0
Estados Unidos,México,2026-05-30,Visitante,3,1,Victoria,Eliminatoria,Nublado,21,81,7,10,45,3,2
Estados Unidos,Canadá,2026-05-18,Local,3,1,Victoria,Liga de Naciones,Soleado,30,44,9,9,54,1,0
Estados Unidos,Panamá,2026-05-09,Local,1,0,Victoria,Eliminatoria,Soleado,20,38,6,9,63,1,0
Estados Unidos,Haití,2026-04-28,Local,2,1,Victoria,Eliminatoria,Soleado,26,54,3,8,52,0,0
Estados Unidos,Curazao,2026-04-15,Visitante,2,0,Victoria,Amistoso,Nublado,17,79,6,8,56,2,0
Estados Unidos,Uruguay,2026-04-04,Visitante,1,3,Derrota,Copa,Nublado,19,56,6,8,46,1,0
Estados Unidos,Cabo Verde,2026-03-24,Local,1,1,Empate,Eliminatoria,Frio,4,63,8,5,53,0,0
Estados Unidos,Escocia,2026-03-13,Local,0,1,Derrota,Oficial,Lluvia,22,89,4,5,49,1,0
Estados Unidos,Irak,2026-03-03,Visitante,0,0,Empate,Amistoso,Nublado,23,61,7,3,42,0,0
Estados Unidos,Inglaterra,2026-02-18,Visitante,0,1,Derrota,Eliminatoria,Nublado,22,70,5,6,49,1,0
Estados Unidos,Uruguay,10/02/2026,Visitante,0,3,Derrota,Liga de Naciones,Soleado,26,84,7,5,50,2,1
Estados Unidos,España,02/02/2026,Visitante,0,0,Empate,Oficial,Caluroso,35,77,8,6,35,0,0
Estados Unidos,Nueva Zelanda,27/01/2026,Visitante,3,0,Victoria,Amistoso,Lluvia,27,94,7,10,36,0,0
Estados Unidos,Panamá,17/01/2026,Local,1,0,Victoria,Liga de Naciones,Caluroso,30,36,12,4,58,0,2
Estados Unidos,Irak,12/01/2026,Visitante,4,2,Victoria,Eliminatoria,Frio,8,53,3,13,50,1,0
Estados Unidos,Bélgica,07/01/2026,Local,4,3,Victoria,Amistoso,Soleado,24,44,6,10,57,1,0
Estados Unidos,Brasil,29/12/2025,Visitante,2,3,Derrota,Amistoso,Nublado,24,46,12,7,40,1,0
Estados Unidos,Senegal,24/12/2025,Visitante,2,2,Empate,Eliminatoria,Lluvia,8,70,9,7,68,4,0
Estados Unidos,Escocia,13/12/2025,Visitante,0,1,Derrota,Eliminatoria,Caluroso,26,55,10,8,46,3,0
Estados Unidos,Japón,08/12/2025,Local,1,0,Victoria,Oficial,Caluroso,30,47,6,7,53,0,0
Estados Unidos,Canadá,03/12/2025,Visitante,1,1,Empate,Oficial,Soleado,29,68,12,5,52,0,0
Estados Unidos,Japón,25/11/2025,Visitante,3,1,Victoria,Copa,Lluvia,14,95,5,8,42,1,2
Estados Unidos,Catar,15/11/2025,Local,5,0,Victoria,Oficial,Lluvia,17,95,8,9,53,0,0
Estados Unidos,Cabo Verde,09/11/2025,Visitante,0,1,Derrota,Amistoso,Frio,14,80,7,1,44,0,1
Estados Unidos,Uruguay,04/11/2025,Local,0,2,Derrota,Eliminatoria,Lluvia,24,75,8,6,61,1,2
Estados Unidos,Marruecos,29/10/2025,Local,4,2,Victoria,Liga de Naciones,Soleado,23,74,3,10,52,2,0
Estados Unidos,Sudáfrica,20/10/2025,Local,0,1,Derrota,Copa,Lluvia,19,94,8,3,53,0,0
Estados Unidos,Senegal,15/10/2025,Visitante,0,0,Empate,Liga de Naciones,Caluroso,35,68,7,7,54,1,0
Estados Unidos,Alemania,04/10/2025,Visitante,0,1,Derrota,Liga de Naciones,Soleado,32,60,12,6,45,1,0
Estados Unidos,Croacia,28/09/2025,Visitante,0,1,Derrota,Amistoso,Lluvia,30,66,5,3,44,1,0
Estados Unidos,Sudáfrica,21/09/2025,Local,3,1,Victoria,Copa,Frio,8,45,8,10,50,0,0
Estados Unidos,Senegal,13/09/2025,Local,3,2,Victoria,Oficial,Frio,5,36,14,12,75,0,0
Estados Unidos,Croacia,08/09/2025,Local,0,2,Derrota,Eliminatoria,Lluvia,19,70,5,7,68,2,0
Estados Unidos,República Democrática del Congo,03/09/2025,Visitante,4,0,Victoria,Eliminatoria,Caluroso,33,87,10,12,55,1,0
Estados Unidos,Inglaterra,24/08/2025,Local,0,1,Derrota,Eliminatoria,Soleado,26,80,10,4,57,0,0
Estados Unidos,Australia,16/08/2025,Visitante,1,0,Victoria,Amistoso,Caluroso,25,82,4,8,51,0,1
Estados Unidos,Túnez,10/08/2025,Local,1,0,Victoria,Amistoso,Soleado,5,72,9,2,55,3,0
Estados Unidos,Irán,05/08/2025,Visitante,0,1,Derrota,Amistoso,Caluroso,30,42,6,6,63,3,0
Estados Unidos,Noruega,27/07/2025,Visitante,1,2,Derrota,Copa,Soleado,18,46,3,8,55,1,0
Estados Unidos,Colombia,23/07/2025,Visitante,2,1,Victoria,Oficial,Frio,6,88,12,6,47,2,1
Estados Unidos,España,14/07/2025,Local,1,3,Derrota,Eliminatoria,Lluvia,8,86,12,9,69,0,0
Estados Unidos,Nueva Zelanda,09/07/2025,Local,2,0,Victoria,Copa,Caluroso,33,62,9,7,52,0,1
Estados Unidos,Paraguay,30/06/2025,Local,1,0,Victoria,Eliminatoria,Nublado,9,78,12,8,63,0,0
Estados Unidos,Suecia,23/06/2025,Visitante,1,0,Victoria,Amistoso,Soleado,27,77,12,5,47,0,2
Estados Unidos,Costa de Marfil,17/06/2025,Visitante,2,0,Victoria,Liga de Naciones,Lluvia,14,87,12,7,62,0,0
Estados Unidos,Sudáfrica,09/06/2025,Visitante,1,1,Empate,Oficial,Frio,8,47,9,6,46,0,1
Estados Unidos,Nueva Zelanda,04/06/2025,Visitante,1,1,Empate,Amistoso,Caluroso,33,77,8,7,48,2,2
Estados Unidos,Suiza,28/05/2025,Local,0,3,Derrota,Liga de Naciones,Soleado,22,50,7,4,55,1,0
Estados Unidos,Croacia,17/05/2025,Local,1,1,Empate,Liga de Naciones,Soleado,22,64,12,7,55,0,0
Estados Unidos,Brasil,10/05/2025,Visitante,0,2,Derrota,Oficial,Frio,11,74,8,5,41,0,0
Francia,Austria,2026-05-31,Visitante,2,0,Victoria,Amistoso,Caluroso,31,50,7,7,41,3,0
Francia,República Checa,2026-05-18,Local,5,1,Victoria,Eliminatoria,Soleado,20,50,5,14,60,0,0
Francia,Países Bajos,2026-05-07,Local,2,1,Victoria,Copa,Caluroso,35,38,9,7,45,2,0
Francia,Croacia,2026-04-28,Visitante,1,0,Victoria,Oficial,Frio,11,51,6,3,47,2,1
Francia,Noruega,2026-04-14,Local,2,0,Victoria,Liga de Naciones,Caluroso,28,33,4,7,59,0,0
Francia,Escocia,2026-04-05,Visitante,1,1,Empate,Eliminatoria,Nublado,23,73,7,6,54,3,0
Francia,Suecia,2026-03-24,Visitante,0,2,Derrota,Copa,Lluvia,25,73,9,8,57,2,1
Francia,Ghana,2026-03-12,Visitante,1,1,Empate,Eliminatoria,Soleado,30,52,7,4,52,0,0
Francia,Cabo Verde,2026-03-03,Visitante,4,0,Victoria,Liga de Naciones,Nublado,18,83,5,9,51,2,0
Francia,Sudáfrica,2026-02-18,Local,3,0,Victoria,Oficial,Soleado,29,57,9,8,60,0,0
Francia,Irak,07/02/2026,Local,2,0,Victoria,Eliminatoria,Caluroso,35,88,8,5,64,0,1
Francia,Escocia,01/02/2026,Local,2,0,Victoria,Copa,Soleado,32,65,9,12,58,1,0
Francia,México,28/01/2026,Local,2,0,Victoria,Oficial,Frio,9,36,4,10,60,4,0
Francia,Paraguay,21/01/2026,Visitante,1,0,Victoria,Oficial,Caluroso,32,79,3,8,58,0,2
Francia,Nueva Zelanda,11/01/2026,Visitante,2,3,Derrota,Liga de Naciones,Caluroso,35,52,14,6,35,1,0
Francia,Uzbekistán,04/01/2026,Local,2,0,Victoria,Amistoso,Caluroso,33,41,14,11,53,1,2
Francia,Uruguay,27/12/2025,Local,2,0,Victoria,Oficial,Soleado,20,45,10,9,54,2,0
Francia,Sudáfrica,20/12/2025,Local,1,0,Victoria,Eliminatoria,Caluroso,29,44,10,7,54,0,1
Francia,Corea del Sur,16/12/2025,Visitante,1,0,Victoria,Oficial,Nublado,29,41,4,7,62,2,1
Francia,Irán,08/12/2025,Visitante,4,1,Victoria,Eliminatoria,Soleado,19,73,6,8,51,0,0
Francia,Sudáfrica,02/12/2025,Visitante,2,0,Victoria,Liga de Naciones,Nublado,15,82,9,7,60,2,0
Francia,Cabo Verde,26/11/2025,Visitante,3,0,Victoria,Amistoso,Caluroso,28,50,10,11,40,1,0
Francia,Marruecos,17/11/2025,Visitante,3,2,Victoria,Oficial,Soleado,10,71,10,6,49,2,1
Francia,Argentina,09/11/2025,Local,0,0,Empate,Amistoso,Nublado,22,47,8,7,40,1,0
Francia,Catar,04/11/2025,Local,0,0,Empate,Eliminatoria,Lluvia,12,84,10,5,55,2,0
Francia,Nueva Zelanda,25/10/2025,Visitante,0,3,Derrota,Amistoso,Lluvia,28,77,14,5,51,0,0
Francia,Catar,19/10/2025,Local,2,0,Victoria,Liga de Naciones,Caluroso,31,64,8,7,53,0,1
Francia,Ghana,12/10/2025,Visitante,5,0,Victoria,Copa,Lluvia,32,76,9,12,45,3,1
Francia,Paraguay,04/10/2025,Local,6,0,Victoria,Amistoso,Frio,5,74,4,11,56,1,0
Francia,República Checa,01/10/2025,Visitante,1,0,Victoria,Copa,Caluroso,30,44,6,8,63,1,1
Francia,Curazao,21/09/2025,Local,3,0,Victoria,Liga de Naciones,Frio,11,87,10,11,56,0,0
Francia,Egipto,14/09/2025,Visitante,3,0,Victoria,Liga de Naciones,Frio,4,61,7,11,44,2,1
Francia,Bélgica,10/09/2025,Local,3,0,Victoria,Eliminatoria,Frio,10,45,4,7,43,0,0
Francia,Cabo Verde,01/09/2025,Local,0,0,Empate,Eliminatoria,Nublado,12,69,7,9,75,1,0
Francia,Cabo Verde,24/08/2025,Visitante,1,0,Victoria,Amistoso,Soleado,24,59,12,8,59,0,1
Francia,Brasil,19/08/2025,Visitante,1,0,Victoria,Copa,Soleado,19,57,5,7,53,0,0
Francia,Canadá,12/08/2025,Local,2,0,Victoria,Oficial,Soleado,32,80,14,7,56,0,0
Francia,Corea del Sur,02/08/2025,Visitante,2,2,Empate,Amistoso,Nublado,29,86,7,7,29,1,0
Francia,Países Bajos,27/07/2025,Visitante,1,1,Empate,Copa,Caluroso,26,55,5,6,53,0,1
Francia,Catar,23/07/2025,Visitante,1,0,Victoria,Oficial,Caluroso,28,66,10,7,55,1,0
Francia,Escocia,14/07/2025,Visitante,2,1,Victoria,Eliminatoria,Soleado,32,60,6,10,52,0,0
Francia,Australia,06/07/2025,Visitante,3,0,Victoria,Amistoso,Frio,8,66,4,11,54,1,0
Francia,Colombia,29/06/2025,Visitante,1,1,Empate,Eliminatoria,Frio,7,54,7,6,69,1,1
Francia,Argelia,22/06/2025,Visitante,2,4,Derrota,Amistoso,Caluroso,31,76,5,7,65,0,1
Francia,Ecuador,14/06/2025,Local,1,0,Victoria,Eliminatoria,Nublado,25,74,5,4,52,2,2
Francia,Suiza,10/06/2025,Visitante,0,1,Derrota,Amistoso,Lluvia,15,68,14,9,50,1,0
Francia,Estados Unidos,04/06/2025,Visitante,0,1,Derrota,Oficial,Caluroso,26,51,4,5,45,0,0
Francia,Uzbekistán,25/05/2025,Visitante,2,1,Victoria,Amistoso,Nublado,31,68,8,7,62,0,1
Francia,Suiza,19/05/2025,Visitante,2,3,Derrota,Oficial,Caluroso,34,53,12,7,55,0,1
Francia,Turquía,10/05/2025,Local,2,0,Victoria,Liga de Naciones,Frio,11,35,8,12,61,0,1
Ghana,Argelia,2026-05-30,Local,3,1,Victoria,Eliminatoria,Soleado,29,35,5,8,50,1,1
Ghana,Costa de Marfil,2026-05-18,Local,1,1,Empate,Eliminatoria,Lluvia,18,72,9,7,53,0,0
Ghana,Marruecos,2026-05-06,Local,1,1,Empate,Oficial,Nublado,19,56,4,5,45,1,0
Ghana,Egipto,2026-04-26,Visitante,3,0,Victoria,Amistoso,Caluroso,30,46,9,7,34,1,0
Ghana,Cabo Verde,2026-04-16,Local,1,3,Derrota,Eliminatoria,Nublado,17,65,9,3,48,1,0
Ghana,República Democrática del Congo,2026-04-05,Local,1,0,Victoria,Eliminatoria,Frio,12,54,3,6,60,0,1
Ghana,Senegal,2026-03-25,Visitante,0,3,Derrota,Eliminatoria,Nublado,17,61,7,6,43,3,1
Ghana,Escocia,2026-03-13,Visitante,1,0,Victoria,Eliminatoria,Lluvia,16,70,5,5,41,2,0
Ghana,Argentina,2026-03-03,Local,2,1,Victoria,Liga de Naciones,Soleado,23,54,3,5,53,2,0
Ghana,Noruega,2026-02-19,Local,0,1,Derrota,Eliminatoria,Frio,4,51,4,3,48,0,2
Ghana,Egipto,11/02/2026,Local,3,2,Victoria,Liga de Naciones,Lluvia,13,93,10,9,56,0,0
Ghana,Túnez,03/02/2026,Visitante,0,2,Derrota,Eliminatoria,Soleado,20,59,3,6,44,2,0
Ghana,Croacia,28/01/2026,Local,0,0,Empate,Amistoso,Lluvia,20,72,7,5,56,0,0
Ghana,España,20/01/2026,Local,0,3,Derrota,Copa,Soleado,19,35,9,5,45,2,0
Ghana,Alemania,13/01/2026,Local,1,2,Derrota,Liga de Naciones,Nublado,27,83,5,6,46,2,0
Ghana,Arabia Saudita,05/01/2026,Visitante,0,1,Derrota,Liga de Naciones,Frio,4,55,12,8,41,0,0
Ghana,España,31/12/2025,Local,0,1,Derrota,Amistoso,Lluvia,24,77,14,6,55,2,0
Ghana,Inglaterra,24/12/2025,Visitante,0,2,Derrota,Copa,Lluvia,12,82,5,6,57,0,0
Ghana,Colombia,17/12/2025,Local,1,0,Victoria,Copa,Frio,3,52,3,7,53,2,1
Ghana,Uruguay,11/12/2025,Local,1,1,Empate,Eliminatoria,Soleado,23,53,12,7,61,0,0
Ghana,Sudáfrica,30/11/2025,Local,0,0,Empate,Eliminatoria,Soleado,8,53,12,1,54,0,2
Ghana,República Checa,26/11/2025,Local,1,0,Victoria,Liga de Naciones,Soleado,26,85,14,4,51,3,0
Ghana,Uzbekistán,16/11/2025,Visitante,1,0,Victoria,Liga de Naciones,Caluroso,31,80,4,7,54,1,1
Ghana,Irak,12/11/2025,Local,3,0,Victoria,Oficial,Nublado,16,54,5,7,67,5,0
Ghana,Haití,03/11/2025,Local,1,1,Empate,Amistoso,Lluvia,5,92,7,6,47,1,0
Ghana,Australia,29/10/2025,Local,0,1,Derrota,Eliminatoria,Nublado,19,53,12,3,68,1,0
Ghana,Costa de Marfil,23/10/2025,Local,1,4,Derrota,Oficial,Lluvia,7,69,14,5,51,2,0
Ghana,República Democrática del Congo,13/10/2025,Local,2,0,Victoria,Oficial,Caluroso,26,62,8,8,54,3,0
Ghana,Colombia,06/10/2025,Visitante,1,1,Empate,Liga de Naciones,Frio,6,39,12,7,52,1,0
Ghana,Panamá,30/09/2025,Local,2,0,Victoria,Oficial,Lluvia,6,83,10,7,56,2,1
Ghana,Irán,25/09/2025,Visitante,0,1,Derrota,Amistoso,Frio,8,83,10,5,46,0,1
Ghana,Canadá,16/09/2025,Local,0,0,Empate,Liga de Naciones,Soleado,34,40,5,3,49,1,0
Ghana,Senegal,09/09/2025,Local,2,0,Victoria,Eliminatoria,Soleado,18,66,14,8,63,0,1
Ghana,Canadá,01/09/2025,Local,0,0,Empate,Liga de Naciones,Nublado,29,81,14,6,49,1,0
Ghana,Senegal,26/08/2025,Visitante,1,0,Victoria,Copa,Soleado,7,67,6,7,39,2,0
Ghana,República Democrática del Congo,19/08/2025,Visitante,1,0,Victoria,Eliminatoria,Frio,5,87,3,8,49,0,0
Ghana,Costa de Marfil,10/08/2025,Visitante,0,2,Derrota,Eliminatoria,Nublado,33,77,8,5,40,1,0
Ghana,Turquía,05/08/2025,Visitante,2,2,Empate,Copa,Frio,5,78,10,5,62,2,2
Ghana,Curazao,27/07/2025,Visitante,0,0,Empate,Eliminatoria,Soleado,21,37,7,7,39,4,0
Ghana,Estados Unidos,23/07/2025,Local,0,2,Derrota,Eliminatoria,Soleado,30,56,12,8,43,2,1
Ghana,Argelia,17/07/2025,Local,0,1,Derrota,Amistoso,Soleado,25,55,9,6,50,0,1
Ghana,Costa de Marfil,10/07/2025,Visitante,1,2,Derrota,Amistoso,Nublado,10,78,5,7,59,1,0
Ghana,Irak,03/07/2025,Local,0,0,Empate,Amistoso,Caluroso,34,35,4,6,53,0,1
Ghana,Suecia,22/06/2025,Local,1,0,Victoria,Oficial,Soleado,29,46,5,8,58,0,0
Ghana,Uruguay,18/06/2025,Local,1,3,Derrota,Liga de Naciones,Caluroso,26,85,3,6,43,1,1
Ghana,Noruega,10/06/2025,Visitante,0,3,Derrota,Eliminatoria,Caluroso,28,69,9,7,49,0,0
Ghana,Nueva Zelanda,01/06/2025,Local,0,1,Derrota,Liga de Naciones,Lluvia,27,91,3,6,54,0,0
Ghana,Ecuador,25/05/2025,Visitante,2,0,Victoria,Eliminatoria,Frio,9,36,12,7,25,0,1
Ghana,Corea del Sur,22/05/2025,Visitante,2,0,Victoria,Amistoso,Caluroso,34,78,9,7,63,0,1
Ghana,Estados Unidos,15/05/2025,Local,1,1,Empate,Liga de Naciones,Lluvia,11,94,3,6,49,1,0
Haití,Canadá,2026-05-30,Local,2,1,Victoria,Amistoso,Nublado,14,55,9,7,39,1,2
Haití,México,2026-05-20,Visitante,1,2,Derrota,Liga de Naciones,Caluroso,29,62,5,4,45,4,0
Haití,Panamá,2026-05-09,Visitante,0,2,Derrota,Amistoso,Lluvia,20,83,3,4,36,1,1
Haití,Curazao,2026-04-25,Visitante,3,1,Victoria,Copa,Nublado,22,55,8,9,51,1,0
Haití,Estados Unidos,2026-04-16,Visitante,2,3,Derrota,Eliminatoria,Nublado,21,67,8,6,47,1,0
Haití,Jordania,2026-04-03,Visitante,2,2,Empate,Eliminatoria,Nublado,16,75,6,10,52,2,1
Haití,Bosnia y Herzegovina,2026-03-23,Local,1,1,Empate,Eliminatoria,Soleado,29,67,8,6,56,2,0
Haití,Uruguay,2026-03-13,Local,2,0,Victoria,Eliminatoria,Soleado,25,53,7,7,44,1,0
Haití,Francia,2026-03-04,Local,0,1,Derrota,Amistoso,Soleado,29,64,8,4,48,0,0
Haití,Australia,2026-02-18,Visitante,0,2,Derrota,Eliminatoria,Soleado,26,36,3,3,40,1,1
Haití,Uzbekistán,10/02/2026,Local,3,0,Victoria,Liga de Naciones,Lluvia,24,93,7,9,58,1,0
Haití,Corea del Sur,31/01/2026,Visitante,1,1,Empate,Amistoso,Caluroso,34,44,6,7,33,1,1
Haití,Marruecos,25/01/2026,Local,1,0,Victoria,Eliminatoria,Lluvia,7,77,12,7,58,1,0
Haití,Francia,20/01/2026,Visitante,1,1,Empate,Eliminatoria,Caluroso,27,68,9,6,50,1,0
Haití,Japón,14/01/2026,Local,2,0,Victoria,Oficial,Lluvia,18,68,6,4,60,0,1
Haití,Japón,03/01/2026,Local,0,0,Empate,Eliminatoria,Caluroso,30,73,8,6,45,2,0
Haití,Países Bajos,31/12/2025,Visitante,3,1,Victoria,Oficial,Soleado,17,47,4,8,41,1,1
Haití,Croacia,20/12/2025,Visitante,0,0,Empate,Copa,Frio,6,69,3,6,27,0,0
Haití,Turquía,16/12/2025,Visitante,2,2,Empate,Eliminatoria,Lluvia,29,90,12,8,50,1,0
Haití,Noruega,10/12/2025,Visitante,1,3,Derrota,Liga de Naciones,Caluroso,31,78,3,8,51,0,0
Haití,Escocia,29/11/2025,Local,2,0,Victoria,Amistoso,Soleado,21,69,10,7,48,0,0
Haití,Marruecos,23/11/2025,Visitante,1,0,Victoria,Amistoso,Lluvia,27,74,8,9,44,0,0
Haití,Curazao,18/11/2025,Visitante,3,0,Victoria,Eliminatoria,Frio,8,62,9,8,48,1,0
Haití,Suiza,10/11/2025,Visitante,2,3,Derrota,Amistoso,Caluroso,34,75,12,8,39,0,0
Haití,Suiza,02/11/2025,Visitante,1,2,Derrota,Oficial,Nublado,7,35,5,4,58,1,0
Haití,Argentina,29/10/2025,Visitante,0,2,Derrota,Eliminatoria,Nublado,11,66,6,3,53,2,0
Haití,República Checa,19/10/2025,Visitante,1,1,Empate,Copa,Soleado,31,73,12,10,62,2,0
Haití,Bélgica,12/10/2025,Local,2,1,Victoria,Eliminatoria,Frio,13,86,8,9,53,0,0
Haití,Francia,07/10/2025,Visitante,0,3,Derrota,Amistoso,Soleado,21,45,12,6,34,2,0
Haití,Marruecos,01/10/2025,Local,2,2,Empate,Copa,Soleado,25,81,9,6,51,0,0
Haití,Nueva Zelanda,21/09/2025,Local,1,0,Victoria,Eliminatoria,Nublado,15,83,10,5,45,1,1
Haití,Sudáfrica,17/09/2025,Visitante,2,1,Victoria,Eliminatoria,Caluroso,26,76,10,10,57,0,0
Haití,Canadá,06/09/2025,Visitante,1,0,Victoria,Liga de Naciones,Soleado,13,38,6,7,56,1,0
Haití,Brasil,30/08/2025,Local,2,1,Victoria,Copa,Caluroso,27,64,10,7,47,1,0
Haití,Canadá,25/08/2025,Visitante,0,0,Empate,Oficial,Caluroso,26,51,12,5,49,0,0
Haití,Uruguay,18/08/2025,Visitante,0,2,Derrota,Amistoso,Lluvia,10,77,8,4,52,1,1
Haití,Irán,09/08/2025,Local,2,1,Victoria,Oficial,Nublado,24,39,9,8,55,1,0
Haití,República Democrática del Congo,05/08/2025,Local,1,0,Victoria,Amistoso,Soleado,26,46,12,11,64,0,0
Haití,Egipto,28/07/2025,Visitante,2,1,Victoria,Eliminatoria,Lluvia,25,79,5,8,57,0,0
Haití,Noruega,22/07/2025,Visitante,3,2,Victoria,Copa,Frio,14,50,5,11,44,2,0
Haití,Francia,15/07/2025,Local,0,1,Derrota,Eliminatoria,Soleado,27,52,10,5,46,1,0
Haití,Nueva Zelanda,07/07/2025,Visitante,0,3,Derrota,Amistoso,Soleado,14,70,10,4,46,4,1
Haití,Alemania,28/06/2025,Visitante,3,0,Victoria,Amistoso,Caluroso,32,57,3,8,48,1,0
Haití,Alemania,23/06/2025,Visitante,1,2,Derrota,Amistoso,Frio,8,52,10,6,31,1,1
Haití,Brasil,16/06/2025,Visitante,1,3,Derrota,Eliminatoria,Lluvia,31,68,10,8,39,0,1
Haití,Nueva Zelanda,10/06/2025,Local,1,0,Victoria,Copa,Lluvia,14,68,12,8,57,0,0
Haití,Australia,31/05/2025,Visitante,3,0,Victoria,Liga de Naciones,Soleado,17,80,9,7,39,0,1
Haití,Irán,25/05/2025,Local,1,1,Empate,Amistoso,Lluvia,23,94,10,8,43,1,0
Haití,Nueva Zelanda,21/05/2025,Local,1,1,Empate,Amistoso,Lluvia,22,91,3,3,45,1,0
Haití,Egipto,13/05/2025,Visitante,0,1,Derrota,Copa,Caluroso,27,64,8,6,60,3,0
Inglaterra,Alemania,2026-05-29,Visitante,0,0,Empate,Oficial,Lluvia,25,76,9,5,64,1,0
Inglaterra,Austria,2026-05-20,Local,4,0,Victoria,Amistoso,Frio,9,69,8,6,64,3,1
Inglaterra,Países Bajos,2026-05-07,Visitante,0,2,Derrota,Copa,Soleado,19,37,8,5,38,0,0
Inglaterra,Suiza,2026-04-28,Visitante,1,0,Victoria,Eliminatoria,Soleado,19,56,8,4,54,3,0
Inglaterra,Bélgica,2026-04-15,Local,2,1,Victoria,Oficial,Lluvia,19,92,8,9,53,0,0
Inglaterra,Turquía,2026-04-03,Local,1,1,Empate,Eliminatoria,Soleado,22,37,7,7,48,1,0
Inglaterra,España,2026-03-23,Local,4,1,Victoria,Amistoso,Caluroso,29,50,7,12,60,4,0
Inglaterra,Egipto,2026-03-15,Visitante,3,0,Victoria,Oficial,Nublado,18,71,4,8,43,0,1
Inglaterra,Argelia,2026-03-01,Visitante,0,2,Derrota,Eliminatoria,Caluroso,30,50,9,5,48,1,0
Inglaterra,República Democrática del Congo,2026-02-18,Visitante,2,1,Victoria,Eliminatoria,Frio,7,72,8,7,50,0,1
Inglaterra,Catar,11/02/2026,Visitante,2,2,Empate,Amistoso,Frio,6,45,4,9,48,0,1
Inglaterra,Irán,01/02/2026,Visitante,2,2,Empate,Liga de Naciones,Soleado,11,57,7,5,42,1,0
Inglaterra,Arabia Saudita,26/01/2026,Visitante,3,1,Victoria,Eliminatoria,Nublado,20,74,10,10,56,0,0
Inglaterra,Canadá,21/01/2026,Visitante,2,0,Victoria,Eliminatoria,Caluroso,29,62,7,11,54,0,0
Inglaterra,Japón,13/01/2026,Local,1,2,Derrota,Oficial,Frio,5,84,9,6,48,1,1
Inglaterra,Portugal,06/01/2026,Local,0,1,Derrota,Eliminatoria,Nublado,23,55,6,4,53,1,0
Inglaterra,España,29/12/2025,Visitante,2,0,Victoria,Liga de Naciones,Caluroso,34,62,5,10,43,1,0
Inglaterra,Senegal,23/12/2025,Local,0,3,Derrota,Eliminatoria,Caluroso,35,83,6,7,51,2,0
Inglaterra,Bélgica,16/12/2025,Visitante,0,0,Empate,Oficial,Caluroso,26,43,7,3,39,0,1
Inglaterra,Arabia Saudita,08/12/2025,Visitante,3,2,Victoria,Amistoso,Nublado,31,80,10,5,44,3,0
Inglaterra,Costa de Marfil,29/11/2025,Visitante,2,0,Victoria,Liga de Naciones,Caluroso,26,71,8,8,58,1,1
Inglaterra,Bosnia y Herzegovina,26/11/2025,Local,0,1,Derrota,Amistoso,Frio,5,56,14,3,53,3,0
Inglaterra,Senegal,15/11/2025,Visitante,1,0,Victoria,Eliminatoria,Nublado,14,50,6,8,50,0,0
Inglaterra,Japón,10/11/2025,Visitante,1,1,Empate,Copa,Frio,11,49,5,4,50,0,0
Inglaterra,Argelia,05/11/2025,Visitante,4,0,Victoria,Eliminatoria,Nublado,34,79,8,9,46,1,1
Inglaterra,Curazao,28/10/2025,Local,0,1,Derrota,Oficial,Frio,6,71,12,3,58,0,0
Inglaterra,Escocia,19/10/2025,Local,3,0,Victoria,Oficial,Frio,3,78,12,10,52,0,0
Inglaterra,Suecia,15/10/2025,Visitante,2,0,Victoria,Liga de Naciones,Lluvia,21,87,10,5,49,1,0
Inglaterra,Irak,08/10/2025,Local,0,0,Empate,Eliminatoria,Nublado,11,59,3,6,71,1,0
Inglaterra,Cabo Verde,28/09/2025,Local,3,0,Victoria,Amistoso,Caluroso,33,43,3,7,46,3,1
Inglaterra,Argelia,22/09/2025,Local,6,0,Victoria,Eliminatoria,Soleado,16,83,7,12,49,0,0
Inglaterra,Suiza,16/09/2025,Visitante,3,0,Victoria,Amistoso,Caluroso,32,56,5,8,55,0,0
Inglaterra,Sudáfrica,10/09/2025,Local,2,0,Victoria,Oficial,Lluvia,23,85,10,8,56,1,0
Inglaterra,Haití,01/09/2025,Visitante,2,2,Empate,Amistoso,Frio,3,35,14,7,57,2,0
Inglaterra,Brasil,23/08/2025,Visitante,0,2,Derrota,Oficial,Nublado,16,52,10,8,40,0,1
Inglaterra,Irak,20/08/2025,Visitante,3,1,Victoria,Oficial,Caluroso,27,57,4,8,58,3,1
Inglaterra,Australia,11/08/2025,Visitante,2,1,Victoria,Oficial,Frio,8,37,8,7,50,2,0
Inglaterra,Francia,04/08/2025,Local,2,0,Victoria,Copa,Caluroso,34,69,14,8,56,0,2
Inglaterra,Estados Unidos,29/07/2025,Local,1,0,Victoria,Copa,Nublado,34,51,6,7,62,1,0
Inglaterra,Uzbekistán,23/07/2025,Local,2,0,Victoria,Oficial,Nublado,8,59,10,7,72,1,0
Inglaterra,Paraguay,15/07/2025,Visitante,2,2,Empate,Eliminatoria,Caluroso,36,36,10,8,51,0,0
Inglaterra,Croacia,07/07/2025,Local,1,0,Victoria,Eliminatoria,Soleado,19,65,8,7,49,2,0
Inglaterra,Bélgica,02/07/2025,Visitante,0,0,Empate,Eliminatoria,Frio,11,68,14,4,55,0,0
Inglaterra,Ecuador,23/06/2025,Visitante,1,1,Empate,Eliminatoria,Lluvia,31,70,3,4,51,1,0
Inglaterra,España,15/06/2025,Local,1,1,Empate,Amistoso,Frio,5,64,5,7,69,1,1
Inglaterra,Sudáfrica,10/06/2025,Local,1,0,Victoria,Eliminatoria,Soleado,11,47,6,6,62,2,0
Inglaterra,Ecuador,02/06/2025,Local,2,0,Victoria,Oficial,Caluroso,27,50,8,8,49,0,1
Inglaterra,Bélgica,28/05/2025,Visitante,1,1,Empate,Oficial,Nublado,6,47,6,6,44,2,2
Inglaterra,Sudáfrica,21/05/2025,Visitante,0,1,Derrota,Amistoso,Caluroso,34,50,4,4,54,1,1
Inglaterra,Curazao,11/05/2025,Visitante,0,1,Derrota,Amistoso,Lluvia,32,89,7,2,39,2,0
Irak,Corea del Sur,2026-05-28,Visitante,0,3,Derrota,Amistoso,Soleado,26,35,7,3,51,0,0
Irak,Jordania,2026-05-17,Local,2,0,Victoria,Eliminatoria,Soleado,22,64,4,6,51,1,0
Irak,Catar,2026-05-08,Local,1,1,Empate,Amistoso,Caluroso,28,39,5,4,51,0,0
Irak,Irán,2026-04-26,Local,2,1,Victoria,Amistoso,Soleado,21,50,3,6,45,0,2
Irak,Japón,2026-04-17,Local,3,1,Victoria,Eliminatoria,Lluvia,16,73,8,7,57,1,1
Irak,Australia,2026-04-05,Local,1,1,Empate,Liga de Naciones,Frio,7,51,3,6,56,1,0
Irak,Uzbekistán,2026-03-26,Visitante,1,1,Empate,Eliminatoria,Soleado,29,61,6,8,47,1,0
Irak,Croacia,2026-03-13,Local,1,0,Victoria,Eliminatoria,Soleado,24,61,6,4,35,0,1
Irak,Francia,2026-03-01,Local,1,2,Derrota,Eliminatoria,Soleado,20,36,9,2,49,0,1
Irak,Estados Unidos,2026-02-19,Local,1,0,Victoria,Amistoso,Frio,10,62,3,3,54,1,0
Irak,Paraguay,12/02/2026,Visitante,0,1,Derrota,Copa,Nublado,23,42,7,6,51,1,1
Irak,México,05/02/2026,Local,1,0,Victoria,Oficial,Caluroso,27,68,10,4,44,0,0
Irak,Arabia Saudita,25/01/2026,Visitante,1,1,Empate,Oficial,Frio,13,59,6,6,44,0,0
Irak,Australia,20/01/2026,Local,0,1,Derrota,Copa,Soleado,31,79,5,6,40,2,1
Irak,Irán,13/01/2026,Visitante,3,3,Empate,Liga de Naciones,Lluvia,19,85,6,8,52,1,0
Irak,Francia,04/01/2026,Visitante,1,1,Empate,Eliminatoria,Soleado,27,83,4,5,55,1,0
Irak,Cabo Verde,31/12/2025,Local,2,1,Victoria,Eliminatoria,Frio,9,79,10,7,34,1,0
Irak,Escocia,25/12/2025,Local,1,1,Empate,Oficial,Caluroso,32,55,9,7,67,1,0
Irak,Estados Unidos,17/12/2025,Visitante,2,4,Derrota,Eliminatoria,Nublado,14,71,4,4,56,3,0
Irak,Ghana,11/12/2025,Local,0,1,Derrota,Liga de Naciones,Lluvia,13,94,4,7,46,0,0
Irak,Uruguay,04/12/2025,Visitante,2,0,Victoria,Eliminatoria,Nublado,20,76,5,7,55,1,0
Irak,Brasil,24/11/2025,Local,0,1,Derrota,Eliminatoria,Lluvia,27,94,9,7,50,1,0
Irak,Argelia,16/11/2025,Local,2,0,Victoria,Oficial,Nublado,31,54,14,7,59,3,0
Irak,Curazao,13/11/2025,Visitante,0,3,Derrota,Copa,Lluvia,24,66,8,6,48,4,0
Irak,Senegal,06/11/2025,Local,4,0,Victoria,Eliminatoria,Lluvia,28,77,8,10,50,2,1
Irak,Argentina,30/10/2025,Local,0,2,Derrota,Eliminatoria,Soleado,24,72,14,4,37,1,1
Irak,Suiza,21/10/2025,Local,2,2,Empate,Eliminatoria,Nublado,22,42,3,8,56,0,1
Irak,Estados Unidos,14/10/2025,Visitante,0,1,Derrota,Liga de Naciones,Frio,4,74,14,5,36,0,0
Irak,Alemania,06/10/2025,Visitante,0,3,Derrota,Oficial,Lluvia,9,75,14,4,50,1,0
Irak,Australia,29/09/2025,Local,0,0,Empate,Liga de Naciones,Nublado,19,55,14,7,36,1,0
Irak,Brasil,25/09/2025,Visitante,2,2,Empate,Liga de Naciones,Nublado,8,40,10,7,36,0,1
Irak,Noruega,16/09/2025,Visitante,1,0,Victoria,Liga de Naciones,Frio,13,44,6,7,41,1,0
Irak,Nueva Zelanda,08/09/2025,Visitante,0,1,Derrota,Eliminatoria,Soleado,29,41,9,3,44,1,0
Irak,Haití,04/09/2025,Local,0,1,Derrota,Amistoso,Soleado,29,44,14,3,48,0,0
Irak,Ghana,25/08/2025,Visitante,2,1,Victoria,Copa,Soleado,8,39,10,9,49,1,0
Irak,Portugal,19/08/2025,Local,1,1,Empate,Oficial,Nublado,24,80,8,6,39,0,0
Irak,Curazao,10/08/2025,Local,3,0,Victoria,Liga de Naciones,Caluroso,33,44,3,9,59,2,0
Irak,Egipto,05/08/2025,Local,3,1,Victoria,Eliminatoria,Soleado,5,85,6,10,55,1,0
Irak,Japón,27/07/2025,Visitante,0,1,Derrota,Eliminatoria,Nublado,28,39,3,5,38,3,0
Irak,Colombia,23/07/2025,Local,2,2,Empate,Eliminatoria,Frio,13,86,14,10,39,0,1
Irak,Australia,15/07/2025,Local,0,0,Empate,Eliminatoria,Caluroso,32,83,14,4,56,1,0
Irak,Costa de Marfil,10/07/2025,Visitante,0,1,Derrota,Oficial,Nublado,15,77,7,4,48,0,2
Irak,Egipto,01/07/2025,Visitante,0,1,Derrota,Amistoso,Caluroso,35,51,9,5,49,2,0
Irak,Austria,26/06/2025,Visitante,3,1,Victoria,Liga de Naciones,Soleado,30,56,10,5,44,2,0
Irak,Curazao,17/06/2025,Visitante,0,2,Derrota,Copa,Soleado,19,69,6,4,50,1,1
Irak,Francia,09/06/2025,Local,0,2,Derrota,Copa,Caluroso,35,87,5,8,35,1,0
Irak,México,01/06/2025,Visitante,1,5,Derrota,Eliminatoria,Lluvia,22,73,10,5,43,1,0
Irak,Nueva Zelanda,26/05/2025,Visitante,0,1,Derrota,Liga de Naciones,Nublado,7,81,9,3,56,1,0
Irak,Senegal,20/05/2025,Visitante,0,2,Derrota,Copa,Soleado,12,37,9,4,43,0,0
Irak,Senegal,12/05/2025,Visitante,0,0,Empate,Oficial,Frio,4,38,6,4,55,1,0
Irán,Japón,2026-05-31,Visitante,1,0,Victoria,Eliminatoria,Lluvia,21,89,3,7,49,2,0
Irán,Irak,2026-05-18,Visitante,0,2,Derrota,Eliminatoria,Caluroso,35,42,8,4,51,3,0
Irán,Uzbekistán,2026-05-09,Visitante,1,2,Derrota,Eliminatoria,Frio,12,54,7,6,55,1,0
Irán,Corea del Sur,2026-04-26,Local,1,3,Derrota,Eliminatoria,Frio,9,59,7,10,54,0,0
Irán,Arabia Saudita,2026-04-16,Local,1,0,Victoria,Eliminatoria,Frio,8,54,9,5,47,1,1
Irán,Australia,2026-04-04,Visitante,3,0,Victoria,Eliminatoria,Soleado,18,40,4,11,48,0,0
Irán,Jordania,2026-03-23,Visitante,3,2,Victoria,Liga de Naciones,Soleado,20,56,4,11,57,0,0
Irán,Curazao,2026-03-12,Local,0,2,Derrota,Eliminatoria,Frio,11,63,3,6,59,1,0
Irán,Turquía,2026-03-03,Visitante,2,1,Victoria,Amistoso,Nublado,16,62,8,6,53,1,0
Irán,Países Bajos,2026-02-18,Visitante,1,1,Empate,Eliminatoria,Caluroso,29,61,4,5,46,1,0
Irán,Argentina,07/02/2026,Local,0,3,Derrota,Eliminatoria,Nublado,17,66,14,6,55,0,0
Irán,Arabia Saudita,02/02/2026,Local,2,0,Victoria,Copa,Nublado,15,69,6,11,56,2,0
Irán,Sudáfrica,27/01/2026,Local,2,0,Victoria,Oficial,Soleado,34,80,3,8,62,0,0
Irán,Catar,21/01/2026,Local,1,2,Derrota,Eliminatoria,Nublado,25,54,10,6,44,1,0
Irán,Arabia Saudita,13/01/2026,Local,0,1,Derrota,Oficial,Nublado,24,64,8,5,42,2,2
Irán,Bélgica,04/01/2026,Local,2,1,Victoria,Eliminatoria,Frio,6,41,8,9,60,0,0
Irán,República Checa,31/12/2025,Visitante,2,1,Victoria,Amistoso,Caluroso,33,37,3,9,56,0,1
Irán,Marruecos,20/12/2025,Visitante,0,0,Empate,Liga de Naciones,Caluroso,32,79,6,5,46,2,1
Irán,Catar,16/12/2025,Visitante,5,1,Victoria,Oficial,Lluvia,27,91,12,10,52,4,0
Irán,Escocia,09/12/2025,Local,1,1,Empate,Oficial,Lluvia,31,77,7,4,45,0,0
Irán,Ghana,29/11/2025,Visitante,1,0,Victoria,Eliminatoria,Nublado,20,42,8,6,33,3,0
Irán,Marruecos,22/11/2025,Visitante,0,0,Empate,Copa,Nublado,30,69,10,4,47,2,0
Irán,Corea del Sur,15/11/2025,Local,2,2,Empate,Copa,Soleado,13,77,14,8,51,1,0
Irán,Haití,09/11/2025,Local,2,0,Victoria,Oficial,Nublado,30,47,10,7,58,0,0
Irán,Nueva Zelanda,01/11/2025,Local,2,0,Victoria,Eliminatoria,Lluvia,25,70,8,6,47,1,1
Irán,Paraguay,27/10/2025,Local,2,0,Victoria,Oficial,Lluvia,14,87,6,9,70,0,1
Irán,Estados Unidos,21/10/2025,Visitante,0,1,Derrota,Liga de Naciones,Lluvia,19,74,10,3,38,2,1
Irán,Argentina,15/10/2025,Local,2,0,Victoria,Eliminatoria,Soleado,7,66,12,5,45,1,1
Irán,Ecuador,04/10/2025,Local,0,0,Empate,Eliminatoria,Soleado,21,66,6,4,46,3,1
Irán,Portugal,27/09/2025,Local,0,0,Empate,Oficial,Caluroso,31,40,10,2,38,1,1
Irán,República Checa,21/09/2025,Local,2,2,Empate,Liga de Naciones,Soleado,21,42,4,5,65,3,0
Irán,Noruega,16/09/2025,Visitante,0,2,Derrota,Oficial,Frio,11,59,10,4,43,2,1
Irán,Escocia,10/09/2025,Local,2,1,Victoria,Liga de Naciones,Soleado,9,58,12,4,57,1,1
Irán,Alemania,30/08/2025,Local,1,0,Victoria,Eliminatoria,Soleado,19,53,8,5,46,1,2
Irán,Argentina,25/08/2025,Visitante,0,1,Derrota,Amistoso,Lluvia,15,88,4,2,46,2,0
Irán,Croacia,17/08/2025,Local,0,1,Derrota,Eliminatoria,Frio,8,59,3,7,48,0,0
Irán,Suiza,11/08/2025,Local,3,0,Victoria,Amistoso,Lluvia,16,81,8,6,38,2,0
Irán,Escocia,03/08/2025,Visitante,1,1,Empate,Eliminatoria,Lluvia,33,68,8,8,59,0,0
Irán,Colombia,27/07/2025,Local,0,0,Empate,Eliminatoria,Caluroso,33,78,5,5,53,1,0
Irán,Catar,21/07/2025,Local,1,0,Victoria,Amistoso,Frio,14,65,6,3,54,4,1
Irán,Estados Unidos,12/07/2025,Visitante,0,3,Derrota,Oficial,Lluvia,16,78,5,6,54,0,0
Irán,Sudáfrica,08/07/2025,Local,3,1,Victoria,Oficial,Lluvia,25,87,7,11,40,0,0
Irán,Senegal,02/07/2025,Local,2,1,Victoria,Liga de Naciones,Soleado,32,59,6,9,47,0,1
Irán,Japón,24/06/2025,Local,1,4,Derrota,Amistoso,Nublado,13,81,4,3,34,1,0
Irán,Inglaterra,14/06/2025,Visitante,1,4,Derrota,Amistoso,Lluvia,20,68,14,4,46,2,0
Irán,Brasil,11/06/2025,Local,0,1,Derrota,Oficial,Lluvia,12,72,14,9,44,2,1
Irán,Curazao,31/05/2025,Visitante,1,1,Empate,Amistoso,Lluvia,16,92,8,5,41,1,1
Irán,Escocia,24/05/2025,Visitante,0,0,Empate,Oficial,Frio,11,42,9,8,52,0,0
Irán,Corea del Sur,20/05/2025,Local,2,1,Victoria,Oficial,Nublado,28,68,14,6,50,2,0
Irán,República Checa,10/05/2025,Local,0,0,Empate,Oficial,Caluroso,26,57,12,4,50,2,0
Japón,Irak,2026-05-30,Local,1,1,Empate,Liga de Naciones,Soleado,22,53,5,6,54,0,0
Japón,Catar,2026-05-20,Visitante,2,2,Empate,Eliminatoria,Lluvia,15,73,5,8,54,0,0
Japón,Irán,2026-05-09,Visitante,1,3,Derrota,Copa,Soleado,19,35,8,4,61,0,1
Japón,Arabia Saudita,2026-04-27,Local,1,1,Empate,Amistoso,Soleado,25,53,5,7,61,0,0
Japón,Australia,2026-04-14,Local,2,0,Victoria,Eliminatoria,Caluroso,28,35,4,10,54,0,1
Japón,Jordania,2026-04-04,Local,2,0,Victoria,Amistoso,Nublado,21,59,4,7,59,1,0
Japón,Uzbekistán,2026-03-25,Local,2,1,Victoria,Liga de Naciones,Soleado,27,68,7,8,46,1,0
Japón,Argentina,2026-03-14,Visitante,0,0,Empate,Amistoso,Soleado,29,45,7,4,54,1,0
Japón,Suecia,2026-03-01,Local,0,0,Empate,Amistoso,Lluvia,25,79,4,5,49,3,0
Japón,Haití,2026-02-20,Visitante,0,2,Derrota,Liga de Naciones,Soleado,25,50,7,5,47,0,0
Japón,Uruguay,09/02/2026,Local,2,0,Victoria,Amistoso,Frio,11,54,8,9,40,3,0
Japón,República Democrática del Congo,03/02/2026,Local,4,0,Victoria,Liga de Naciones,Frio,12,71,12,10,54,1,0
Japón,Irak,26/01/2026,Local,1,0,Victoria,Copa,Soleado,32,41,9,5,46,0,0
Japón,República Checa,19/01/2026,Visitante,2,0,Victoria,Amistoso,Nublado,20,67,4,10,65,0,0
Japón,Cabo Verde,12/01/2026,Local,1,0,Victoria,Copa,Frio,12,68,10,8,47,1,0
Japón,Colombia,07/01/2026,Local,1,1,Empate,Liga de Naciones,Soleado,8,64,8,7,47,0,0
Japón,Colombia,01/01/2026,Visitante,0,2,Derrota,Oficial,Lluvia,17,66,14,6,55,3,0
Japón,Croacia,26/12/2025,Visitante,1,0,Victoria,Copa,Nublado,33,87,14,7,49,3,2
Japón,Países Bajos,18/12/2025,Local,1,2,Derrota,Eliminatoria,Frio,12,64,3,6,52,0,0
Japón,Noruega,09/12/2025,Visitante,2,5,Derrota,Oficial,Nublado,5,47,7,8,50,1,0
Japón,Sudáfrica,02/12/2025,Visitante,1,2,Derrota,Amistoso,Frio,8,77,3,8,45,1,0
Japón,Bélgica,27/11/2025,Visitante,2,2,Empate,Liga de Naciones,Nublado,19,39,6,11,49,1,1
Japón,Países Bajos,19/11/2025,Visitante,0,1,Derrota,Oficial,Caluroso,33,53,10,3,45,2,1
Japón,Suecia,10/11/2025,Local,2,0,Victoria,Eliminatoria,Caluroso,34,36,5,8,53,1,0
Japón,Marruecos,04/11/2025,Visitante,2,2,Empate,Copa,Lluvia,11,82,14,9,55,0,2
Japón,Senegal,29/10/2025,Local,2,1,Victoria,Oficial,Nublado,33,54,3,6,56,1,0
Japón,Estados Unidos,22/10/2025,Visitante,2,1,Victoria,Liga de Naciones,Soleado,14,48,9,8,47,1,0
Japón,Irak,14/10/2025,Visitante,1,0,Victoria,Copa,Lluvia,14,84,9,6,54,2,1
Japón,Países Bajos,09/10/2025,Visitante,3,0,Victoria,Oficial,Lluvia,22,66,10,9,61,1,0
Japón,Portugal,29/09/2025,Local,0,0,Empate,Amistoso,Lluvia,16,89,7,4,70,1,1
Japón,Curazao,24/09/2025,Local,2,2,Empate,Oficial,Frio,12,87,12,8,59,1,0
Japón,Suiza,18/09/2025,Visitante,0,1,Derrota,Amistoso,Nublado,14,37,14,3,54,0,0
Japón,Paraguay,12/09/2025,Local,3,2,Victoria,Liga de Naciones,Frio,13,54,5,11,59,1,0
Japón,Nueva Zelanda,02/09/2025,Visitante,2,2,Empate,Liga de Naciones,Lluvia,21,84,10,7,59,0,1
Japón,Nueva Zelanda,25/08/2025,Visitante,3,0,Victoria,Eliminatoria,Soleado,9,80,14,10,52,0,0
Japón,Bosnia y Herzegovina,20/08/2025,Local,4,1,Victoria,Liga de Naciones,Soleado,34,82,12,10,52,2,0
Japón,Jordania,11/08/2025,Visitante,1,1,Empate,Oficial,Nublado,23,84,10,4,47,2,0
Japón,Alemania,04/08/2025,Visitante,2,0,Victoria,Eliminatoria,Soleado,22,44,5,9,50,0,0
Japón,Arabia Saudita,31/07/2025,Visitante,0,0,Empate,Liga de Naciones,Caluroso,31,71,14,6,48,1,0
Japón,México,24/07/2025,Visitante,0,0,Empate,Liga de Naciones,Lluvia,21,79,12,5,53,1,0
Japón,Uzbekistán,16/07/2025,Visitante,2,2,Empate,Amistoso,Soleado,33,61,3,9,49,2,0
Japón,Australia,08/07/2025,Local,1,0,Victoria,Copa,Soleado,14,88,3,8,53,1,0
Japón,Australia,03/07/2025,Local,0,1,Derrota,Eliminatoria,Soleado,8,60,5,6,45,0,0
Japón,Arabia Saudita,24/06/2025,Visitante,1,1,Empate,Eliminatoria,Lluvia,23,90,10,6,68,2,0
Japón,República Democrática del Congo,20/06/2025,Visitante,4,0,Victoria,Eliminatoria,Soleado,21,40,8,7,47,0,0
Japón,Cabo Verde,12/06/2025,Local,2,1,Victoria,Eliminatoria,Frio,12,72,6,5,50,0,1
Japón,México,05/06/2025,Visitante,1,0,Victoria,Eliminatoria,Nublado,34,62,12,3,35,0,0
Japón,República Checa,29/05/2025,Visitante,2,2,Empate,Eliminatoria,Caluroso,35,62,6,8,55,0,0
Japón,República Checa,21/05/2025,Local,2,0,Victoria,Liga de Naciones,Lluvia,12,83,12,5,43,0,1
Japón,República Democrática del Congo,13/05/2025,Visitante,1,2,Derrota,Eliminatoria,Frio,11,40,12,3,46,1,2
Jordania,Irak,2026-05-30,Local,1,2,Derrota,Amistoso,Nublado,15,70,8,4,53,0,0
Jordania,Irán,2026-05-20,Local,0,2,Derrota,Copa,Soleado,26,52,3,2,51,1,1
Jordania,Uzbekistán,2026-05-08,Visitante,0,0,Empate,Eliminatoria,Lluvia,21,80,8,3,48,0,0
Jordania,Catar,2026-04-27,Local,0,0,Empate,Amistoso,Soleado,25,56,6,2,54,2,0
Jordania,Arabia Saudita,2026-04-16,Visitante,1,1,Empate,Eliminatoria,Soleado,20,63,8,5,43,2,0
Jordania,Japón,2026-04-03,Visitante,2,0,Victoria,Amistoso,Nublado,17,68,4,7,43,3,0
Jordania,Australia,2026-03-26,Local,0,2,Derrota,Eliminatoria,Soleado,27,47,8,3,51,1,1
Jordania,Noruega,2026-03-15,Local,1,1,Empate,Liga de Naciones,Caluroso,29,32,9,6,45,1,1
Jordania,Suiza,2026-03-01,Visitante,0,0,Empate,Copa,Nublado,15,81,6,4,50,1,1
Jordania,España,2026-02-21,Local,0,2,Derrota,Copa,Nublado,17,62,5,2,44,1,0
Jordania,Bosnia y Herzegovina,13/02/2026,Local,2,1,Victoria,Copa,Lluvia,23,88,8,8,58,2,0
Jordania,Uruguay,04/02/2026,Local,3,2,Victoria,Liga de Naciones,Frio,8,62,8,10,39,2,0
Jordania,Marruecos,29/01/2026,Visitante,0,4,Derrota,Amistoso,Soleado,9,37,12,3,38,0,1
Jordania,Haití,20/01/2026,Local,1,2,Derrota,Liga de Naciones,Soleado,12,63,5,7,38,0,0
Jordania,Curazao,15/01/2026,Local,3,1,Victoria,Liga de Naciones,Soleado,33,46,14,7,43,1,1
Jordania,Croacia,06/01/2026,Local,2,0,Victoria,Eliminatoria,Frio,11,86,7,5,48,0,0
Jordania,Corea del Sur,02/01/2026,Local,1,2,Derrota,Eliminatoria,Nublado,19,54,5,7,51,0,1
Jordania,Inglaterra,26/12/2025,Visitante,0,1,Derrota,Oficial,Caluroso,25,82,14,5,39,1,0
Jordania,Estados Unidos,17/12/2025,Local,0,1,Derrota,Eliminatoria,Lluvia,30,83,10,5,58,0,0
Jordania,República Checa,13/12/2025,Local,0,0,Empate,Liga de Naciones,Soleado,22,47,6,9,47,0,0
Jordania,Noruega,03/12/2025,Local,1,0,Victoria,Copa,Caluroso,26,42,14,3,46,2,0
Jordania,Corea del Sur,28/11/2025,Visitante,0,4,Derrota,Amistoso,Nublado,17,46,6,3,43,0,0
Jordania,Egipto,21/11/2025,Visitante,4,1,Victoria,Oficial,Caluroso,35,40,10,11,47,1,0
Jordania,Costa de Marfil,13/11/2025,Visitante,1,4,Derrota,Amistoso,Nublado,23,36,5,7,47,0,1
Jordania,Austria,07/11/2025,Local,1,2,Derrota,Eliminatoria,Lluvia,34,90,6,5,45,3,0
Jordania,Colombia,01/11/2025,Visitante,1,1,Empate,Copa,Lluvia,24,83,8,7,68,1,0
Jordania,Bosnia y Herzegovina,22/10/2025,Local,3,0,Victoria,Oficial,Frio,14,37,10,9,48,2,0
Jordania,Marruecos,17/10/2025,Visitante,1,2,Derrota,Amistoso,Lluvia,11,73,12,4,41,2,1
Jordania,Turquía,08/10/2025,Visitante,0,0,Empate,Eliminatoria,Soleado,21,57,14,8,50,0,2
Jordania,Países Bajos,03/10/2025,Local,4,3,Victoria,Oficial,Caluroso,32,39,6,7,49,0,1
Jordania,Uruguay,24/09/2025,Local,0,2,Derrota,Oficial,Nublado,5,41,7,6,53,0,1
Jordania,Alemania,20/09/2025,Visitante,1,2,Derrota,Liga de Naciones,Lluvia,19,70,12,5,43,2,0
Jordania,Australia,09/09/2025,Visitante,0,0,Empate,Oficial,Caluroso,27,47,5,2,54,0,0
Jordania,Austria,02/09/2025,Visitante,1,2,Derrota,Amistoso,Nublado,7,46,8,5,46,0,1
Jordania,Estados Unidos,28/08/2025,Visitante,0,2,Derrota,Oficial,Frio,12,57,14,7,42,0,1
Jordania,Irán,19/08/2025,Local,1,1,Empate,Oficial,Frio,13,83,4,7,51,0,1
Jordania,República Checa,13/08/2025,Visitante,0,0,Empate,Amistoso,Caluroso,28,44,8,8,46,2,0
Jordania,Turquía,05/08/2025,Local,1,1,Empate,Eliminatoria,Soleado,6,69,9,4,44,2,1
Jordania,Japón,29/07/2025,Local,1,1,Empate,Oficial,Lluvia,11,93,9,6,65,1,1
Jordania,Estados Unidos,26/07/2025,Visitante,0,0,Empate,Amistoso,Caluroso,25,47,14,4,59,0,0
Jordania,Arabia Saudita,17/07/2025,Visitante,2,2,Empate,Copa,Soleado,18,48,12,9,41,1,2
Jordania,Austria,10/07/2025,Visitante,1,1,Empate,Oficial,Nublado,24,48,6,7,57,1,0
Jordania,Senegal,03/07/2025,Visitante,1,1,Empate,Eliminatoria,Nublado,11,37,12,4,52,0,1
Jordania,Catar,28/06/2025,Visitante,2,0,Victoria,Amistoso,Lluvia,29,77,3,5,53,2,0
Jordania,Suiza,21/06/2025,Visitante,0,2,Derrota,Liga de Naciones,Soleado,11,41,14,6,28,1,0
Jordania,Túnez,13/06/2025,Local,2,0,Victoria,Liga de Naciones,Nublado,18,86,14,6,59,0,1
Jordania,Croacia,03/06/2025,Local,0,1,Derrota,Amistoso,Frio,8,43,7,5,46,1,0
Jordania,Portugal,28/05/2025,Local,2,2,Empate,Amistoso,Caluroso,34,36,3,6,47,2,0
Jordania,Turquía,23/05/2025,Local,0,0,Empate,Eliminatoria,Nublado,12,63,7,4,56,3,0
Jordania,Costa de Marfil,14/05/2025,Visitante,1,1,Empate,Liga de Naciones,Frio,6,54,10,5,61,0,0
Marruecos,Costa de Marfil,2026-05-30,Visitante,4,0,Victoria,Liga de Naciones,Soleado,26,40,4,10,42,2,1
Marruecos,Sudáfrica,2026-05-18,Local,2,1,Victoria,Oficial,Soleado,22,36,3,5,51,0,0
Marruecos,Argelia,2026-05-08,Visitante,2,3,Derrota,Copa,Soleado,23,65,6,10,42,0,0
Marruecos,Ghana,2026-04-28,Local,2,2,Empate,Eliminatoria,Nublado,21,64,7,8,56,0,0
Marruecos,República Democrática del Congo,2026-04-15,Visitante,0,1,Derrota,Eliminatoria,Caluroso,29,45,4,5,56,1,0
Marruecos,Senegal,2026-04-04,Local,1,2,Derrota,Eliminatoria,Nublado,16,64,8,6,52,0,1
Marruecos,Túnez,2026-03-26,Local,1,1,Empate,Eliminatoria,Soleado,30,46,7,6,51,1,1
Marruecos,Brasil,2026-03-15,Local,1,0,Victoria,Eliminatoria,Soleado,21,43,6,7,51,0,0
Marruecos,Argentina,2026-03-02,Local,1,1,Empate,Liga de Naciones,Soleado,28,51,4,3,53,1,0
Marruecos,Austria,2026-02-19,Visitante,2,1,Victoria,Liga de Naciones,Nublado,21,72,6,7,54,1,1
Marruecos,Suiza,08/02/2026,Visitante,2,1,Victoria,Oficial,Lluvia,15,77,12,9,40,0,1
Marruecos,Turquía,03/02/2026,Visitante,0,1,Derrota,Liga de Naciones,Caluroso,36,66,3,3,43,1,0
Marruecos,Corea del Sur,29/01/2026,Local,0,2,Derrota,Amistoso,Caluroso,36,62,12,5,44,1,0
Marruecos,Jordania,18/01/2026,Local,2,0,Victoria,Amistoso,Frio,3,54,3,8,63,0,1
Marruecos,Brasil,12/01/2026,Visitante,1,4,Derrota,Oficial,Nublado,28,56,12,5,39,1,0
Marruecos,Turquía,06/01/2026,Visitante,0,1,Derrota,Liga de Naciones,Lluvia,32,92,10,7,33,3,0
Marruecos,Ecuador,31/12/2025,Local,1,0,Victoria,Eliminatoria,Frio,13,82,4,3,50,1,1
Marruecos,Costa de Marfil,22/12/2025,Visitante,2,1,Victoria,Liga de Naciones,Soleado,12,44,8,9,48,0,0
Marruecos,República Checa,16/12/2025,Visitante,0,1,Derrota,Copa,Caluroso,27,62,10,4,50,2,0
Marruecos,Suiza,10/12/2025,Local,2,1,Victoria,Liga de Naciones,Soleado,25,41,3,7,60,1,0
Marruecos,Argentina,30/11/2025,Local,1,2,Derrota,Oficial,Soleado,29,60,9,3,43,0,0
Marruecos,Canadá,26/11/2025,Local,3,0,Victoria,Eliminatoria,Caluroso,26,51,8,8,51,0,0
Marruecos,Alemania,20/11/2025,Local,2,1,Victoria,Amistoso,Frio,6,66,8,4,50,0,1
Marruecos,Haití,13/11/2025,Local,4,0,Victoria,Copa,Caluroso,30,47,6,10,62,0,0
Marruecos,Uzbekistán,06/11/2025,Visitante,1,1,Empate,Copa,Soleado,27,73,5,6,42,3,0
Marruecos,República Democrática del Congo,28/10/2025,Local,4,0,Victoria,Liga de Naciones,Soleado,33,84,12,9,55,0,1
Marruecos,Países Bajos,22/10/2025,Local,1,0,Victoria,Oficial,Caluroso,34,78,4,6,50,2,0
Marruecos,Austria,14/10/2025,Local,5,1,Victoria,Liga de Naciones,Caluroso,28,37,7,9,59,2,0
Marruecos,Paraguay,07/10/2025,Visitante,1,1,Empate,Oficial,Caluroso,26,37,3,7,31,0,0
Marruecos,Paraguay,01/10/2025,Local,0,0,Empate,Oficial,Caluroso,26,83,8,6,56,1,1
Marruecos,Irán,24/09/2025,Local,0,1,Derrota,Oficial,Nublado,17,70,3,7,42,0,0
Marruecos,México,14/09/2025,Visitante,2,0,Victoria,Liga de Naciones,Caluroso,27,75,8,8,49,0,0
Marruecos,Alemania,09/09/2025,Visitante,2,3,Derrota,Liga de Naciones,Frio,7,46,8,7,48,2,0
Marruecos,Paraguay,01/09/2025,Visitante,0,1,Derrota,Amistoso,Frio,4,80,12,6,44,0,0
Marruecos,Francia,24/08/2025,Visitante,1,4,Derrota,Oficial,Soleado,15,38,7,8,45,1,0
Marruecos,Argentina,19/08/2025,Visitante,0,3,Derrota,Eliminatoria,Frio,9,72,14,8,45,0,0
Marruecos,Bosnia y Herzegovina,11/08/2025,Visitante,0,0,Empate,Amistoso,Caluroso,30,67,10,4,47,1,2
Marruecos,Bosnia y Herzegovina,07/08/2025,Visitante,2,1,Victoria,Amistoso,Soleado,27,74,9,11,62,0,0
Marruecos,México,30/07/2025,Local,1,0,Victoria,Copa,Lluvia,12,92,9,4,53,0,0
Marruecos,Sudáfrica,24/07/2025,Visitante,2,0,Victoria,Copa,Caluroso,28,41,8,8,53,0,0
Marruecos,Escocia,17/07/2025,Visitante,4,1,Victoria,Copa,Lluvia,14,71,7,8,51,2,0
Marruecos,República Democrática del Congo,09/07/2025,Local,2,1,Victoria,Eliminatoria,Lluvia,11,71,12,6,44,0,0
Marruecos,Paraguay,29/06/2025,Local,4,0,Victoria,Eliminatoria,Soleado,24,48,9,8,75,3,1
Marruecos,Suiza,23/06/2025,Visitante,1,0,Victoria,Amistoso,Frio,12,71,14,7,55,1,0
Marruecos,Australia,17/06/2025,Visitante,0,0,Empate,Copa,Nublado,26,40,9,5,45,0,1
Marruecos,Irak,12/06/2025,Visitante,0,1,Derrota,Oficial,Soleado,6,81,7,3,48,0,0
Marruecos,Cabo Verde,01/06/2025,Local,3,1,Victoria,Oficial,Nublado,15,66,7,7,45,0,0
Marruecos,Países Bajos,27/05/2025,Local,0,2,Derrota,Amistoso,Caluroso,35,69,3,5,56,1,1
Marruecos,Austria,20/05/2025,Visitante,0,1,Derrota,Eliminatoria,Caluroso,36,71,3,3,49,1,1
Marruecos,España,11/05/2025,Local,1,4,Derrota,Eliminatoria,Caluroso,31,69,4,6,62,0,0
México,Haití,2026-05-30,Local,3,1,Victoria,Copa,Soleado,18,56,8,8,55,2,0
México,Panamá,2026-05-20,Local,1,0,Victoria,Eliminatoria,Soleado,25,35,4,7,59,2,0
México,Canadá,2026-05-07,Local,2,0,Victoria,Oficial,Nublado,16,58,5,7,50,0,0
México,Estados Unidos,2026-04-25,Local,1,2,Derrota,Eliminatoria,Lluvia,15,74,5,8,61,3,1
México,Curazao,2026-04-15,Local,2,1,Victoria,Amistoso,Nublado,19,57,3,8,53,0,0
México,Costa de Marfil,2026-04-06,Visitante,0,1,Derrota,Eliminatoria,Caluroso,33,43,7,3,50,1,0
México,Senegal,2026-03-23,Local,1,1,Empate,Liga de Naciones,Caluroso,33,64,5,7,63,1,1
México,Portugal,2026-03-13,Visitante,1,2,Derrota,Liga de Naciones,Nublado,18,65,8,2,55,1,0
México,Corea del Sur,2026-03-01,Local,2,1,Victoria,Oficial,Soleado,18,59,6,8,57,0,0
México,Brasil,2026-02-19,Local,2,4,Derrota,Eliminatoria,Nublado,22,65,8,4,44,2,0
México,Ghana,10/02/2026,Local,1,1,Empate,Amistoso,Frio,9,43,8,7,56,2,0
México,República Democrática del Congo,04/02/2026,Visitante,2,0,Victoria,Amistoso,Frio,10,70,5,10,68,0,0
México,Australia,25/01/2026,Local,1,0,Victoria,Oficial,Caluroso,25,64,5,6,62,1,0
México,Ghana,20/01/2026,Local,3,0,Victoria,Liga de Naciones,Frio,6,73,6,7,66,0,0
México,Túnez,12/01/2026,Local,2,0,Victoria,Amistoso,Soleado,12,41,4,7,53,1,0
México,Egipto,04/01/2026,Local,0,0,Empate,Liga de Naciones,Soleado,8,61,9,5,56,3,0
México,Bosnia y Herzegovina,31/12/2025,Local,2,0,Victoria,Liga de Naciones,Frio,4,50,8,8,57,0,0
México,Australia,22/12/2025,Visitante,1,1,Empate,Liga de Naciones,Soleado,16,36,5,8,67,0,0
México,Australia,18/12/2025,Visitante,1,1,Empate,Oficial,Caluroso,36,84,10,5,66,0,0
México,Senegal,07/12/2025,Local,0,1,Derrota,Liga de Naciones,Caluroso,28,70,6,4,52,0,0
México,Francia,04/12/2025,Local,1,0,Victoria,Eliminatoria,Lluvia,30,93,6,10,49,2,2
México,Bélgica,26/11/2025,Visitante,1,1,Empate,Eliminatoria,Lluvia,8,71,5,5,43,3,0
México,Croacia,18/11/2025,Local,1,0,Victoria,Liga de Naciones,Soleado,17,68,6,6,54,0,0
México,Portugal,13/11/2025,Local,1,1,Empate,Oficial,Frio,6,75,5,8,66,2,1
México,Argentina,02/11/2025,Visitante,2,1,Victoria,Liga de Naciones,Lluvia,13,84,14,9,44,0,0
México,Corea del Sur,29/10/2025,Visitante,1,1,Empate,Liga de Naciones,Lluvia,22,85,7,11,37,1,0
México,Portugal,19/10/2025,Visitante,0,1,Derrota,Amistoso,Caluroso,33,37,4,5,48,2,1
México,Irak,16/10/2025,Visitante,1,0,Victoria,Liga de Naciones,Nublado,25,74,6,9,46,2,1
México,República Checa,06/10/2025,Visitante,2,2,Empate,Oficial,Soleado,29,68,14,9,33,0,1
México,Suecia,01/10/2025,Local,1,1,Empate,Oficial,Lluvia,7,83,8,7,44,1,0
México,Irán,21/09/2025,Local,5,0,Victoria,Eliminatoria,Nublado,33,70,3,11,65,0,0
México,Turquía,18/09/2025,Local,1,0,Victoria,Copa,Frio,4,36,10,6,43,0,0
México,Noruega,07/09/2025,Visitante,1,0,Victoria,Amistoso,Caluroso,32,63,7,8,35,2,0
México,Suecia,03/09/2025,Visitante,2,1,Victoria,Copa,Soleado,14,42,5,11,49,1,0
México,Bosnia y Herzegovina,24/08/2025,Visitante,0,0,Empate,Oficial,Lluvia,9,76,4,4,55,0,0
México,Arabia Saudita,18/08/2025,Local,0,0,Empate,Copa,Soleado,12,63,5,6,40,1,0
México,Curazao,11/08/2025,Local,0,0,Empate,Oficial,Nublado,10,83,10,4,63,2,1
México,Egipto,04/08/2025,Local,1,1,Empate,Oficial,Lluvia,28,87,4,6,51,2,1
México,Inglaterra,27/07/2025,Visitante,0,2,Derrota,Eliminatoria,Frio,7,55,7,6,36,3,0
México,Estados Unidos,22/07/2025,Visitante,0,0,Empate,Amistoso,Lluvia,21,73,5,5,29,1,0
México,Uruguay,14/07/2025,Visitante,1,0,Victoria,Eliminatoria,Nublado,8,81,9,8,43,0,0
México,Austria,09/07/2025,Local,2,1,Victoria,Copa,Caluroso,34,84,7,11,51,1,1
México,Estados Unidos,02/07/2025,Local,4,0,Victoria,Eliminatoria,Soleado,10,51,9,8,47,2,0
México,Brasil,25/06/2025,Local,3,3,Empate,Liga de Naciones,Nublado,13,40,9,9,51,2,0
México,Portugal,15/06/2025,Visitante,3,2,Victoria,Oficial,Lluvia,32,75,12,9,41,1,0
México,Senegal,12/06/2025,Visitante,0,1,Derrota,Copa,Nublado,24,51,7,6,47,1,1
México,Panamá,02/06/2025,Local,2,0,Victoria,Oficial,Lluvia,22,73,14,7,40,0,1
México,Suiza,29/05/2025,Visitante,1,1,Empate,Liga de Naciones,Lluvia,22,93,4,5,49,0,0
México,Costa de Marfil,19/05/2025,Visitante,0,2,Derrota,Eliminatoria,Nublado,21,60,6,7,48,0,0
México,Arabia Saudita,12/05/2025,Visitante,4,2,Victoria,Liga de Naciones,Nublado,33,53,4,12,43,0,0
Noruega,España,2026-05-28,Local,1,1,Empate,Oficial,Nublado,17,82,8,3,55,2,1
Noruega,Bosnia y Herzegovina,2026-05-17,Local,3,2,Victoria,Oficial,Soleado,24,50,8,8,58,1,0
Noruega,República Checa,2026-05-09,Visitante,1,0,Victoria,Oficial,Soleado,20,44,7,8,49,2,1
Noruega,Escocia,2026-04-27,Visitante,1,1,Empate,Oficial,Lluvia,20,90,8,3,52,0,1
Noruega,Países Bajos,2026-04-17,Visitante,0,0,Empate,Eliminatoria,Soleado,25,48,9,4,43,0,1
Noruega,Francia,2026-04-03,Visitante,1,2,Derrota,Eliminatoria,Nublado,16,66,9,7,44,3,2
Noruega,Turquía,2026-03-23,Visitante,0,0,Empate,Oficial,Lluvia,19,71,3,4,40,1,1
Noruega,Australia,2026-03-15,Visitante,0,0,Empate,Copa,Soleado,25,62,4,5,54,0,2
Noruega,Uruguay,2026-03-02,Local,3,1,Victoria,Liga de Naciones,Soleado,30,39,9,9,41,0,0
Noruega,Sudáfrica,2026-02-20,Visitante,2,1,Victoria,Eliminatoria,Nublado,20,71,5,11,50,1,0
Noruega,Irak,10/02/2026,Local,4,0,Victoria,Amistoso,Nublado,28,78,4,12,44,1,0
Noruega,Nueva Zelanda,06/02/2026,Visitante,2,0,Victoria,Oficial,Lluvia,26,84,10,12,50,1,0
Noruega,Estados Unidos,28/01/2026,Local,0,0,Empate,Liga de Naciones,Nublado,19,82,5,4,41,0,0
Noruega,Portugal,23/01/2026,Visitante,0,3,Derrota,Liga de Naciones,Caluroso,26,57,6,4,41,0,1
Noruega,República Checa,15/01/2026,Visitante,1,3,Derrota,Eliminatoria,Soleado,28,58,12,6,43,0,0
Noruega,Ghana,09/01/2026,Local,2,0,Victoria,Oficial,Caluroso,27,82,6,5,60,1,0
Noruega,Países Bajos,01/01/2026,Visitante,0,0,Empate,Eliminatoria,Soleado,31,49,5,4,52,1,1
Noruega,Ghana,25/12/2025,Local,1,2,Derrota,Copa,Caluroso,29,52,6,5,68,1,1
Noruega,Paraguay,18/12/2025,Visitante,3,1,Victoria,Oficial,Frio,4,68,3,10,41,1,0
Noruega,Uruguay,08/12/2025,Local,2,1,Victoria,Amistoso,Soleado,19,79,9,6,61,0,0
Noruega,Austria,01/12/2025,Local,0,0,Empate,Eliminatoria,Soleado,21,53,14,7,65,1,1
Noruega,Ghana,26/11/2025,Local,1,1,Empate,Copa,Lluvia,34,92,14,5,56,1,0
Noruega,Corea del Sur,20/11/2025,Local,1,1,Empate,Oficial,Soleado,18,46,4,5,49,2,0
Noruega,Ghana,10/11/2025,Local,3,1,Victoria,Copa,Soleado,16,86,3,7,58,0,0
Noruega,Brasil,04/11/2025,Local,1,1,Empate,Oficial,Caluroso,31,36,4,6,60,1,0
Noruega,Suiza,27/10/2025,Visitante,0,0,Empate,Copa,Frio,4,46,8,4,39,0,0
Noruega,Corea del Sur,20/10/2025,Visitante,2,2,Empate,Eliminatoria,Frio,6,63,14,7,56,0,0
Noruega,Cabo Verde,13/10/2025,Visitante,5,2,Victoria,Oficial,Lluvia,8,70,14,12,69,0,0
Noruega,Turquía,10/10/2025,Visitante,2,2,Empate,Oficial,Caluroso,27,48,10,10,48,0,0
Noruega,Suecia,02/10/2025,Local,0,0,Empate,Liga de Naciones,Soleado,26,53,10,9,56,1,0
Noruega,Argentina,26/09/2025,Local,0,3,Derrota,Liga de Naciones,Caluroso,36,84,7,7,45,2,0
Noruega,Alemania,16/09/2025,Visitante,1,3,Derrota,Liga de Naciones,Frio,14,38,5,2,47,1,0
Noruega,Paraguay,11/09/2025,Visitante,0,0,Empate,Oficial,Soleado,9,55,5,6,61,0,0
Noruega,Escocia,04/09/2025,Local,3,0,Victoria,Oficial,Nublado,21,52,10,10,47,2,2
Noruega,Irán,29/08/2025,Visitante,3,2,Victoria,Eliminatoria,Frio,9,83,3,13,47,2,0
Noruega,España,20/08/2025,Local,0,0,Empate,Oficial,Nublado,28,63,8,5,46,2,0
Noruega,Haití,13/08/2025,Visitante,1,1,Empate,Eliminatoria,Lluvia,30,93,12,9,47,1,1
Noruega,Escocia,05/08/2025,Visitante,1,0,Victoria,Amistoso,Lluvia,33,67,3,7,60,0,0
Noruega,Canadá,31/07/2025,Local,1,0,Victoria,Eliminatoria,Frio,10,77,10,6,63,2,0
Noruega,Egipto,23/07/2025,Local,3,0,Victoria,Eliminatoria,Soleado,10,59,14,11,55,3,0
Noruega,Argelia,15/07/2025,Visitante,2,1,Victoria,Liga de Naciones,Nublado,29,68,9,10,58,2,0
Noruega,Egipto,09/07/2025,Visitante,2,1,Victoria,Eliminatoria,Nublado,11,61,8,10,45,2,1
Noruega,Francia,01/07/2025,Local,1,0,Victoria,Copa,Lluvia,32,94,14,7,43,0,0
Noruega,Países Bajos,25/06/2025,Local,1,1,Empate,Amistoso,Caluroso,35,43,4,6,58,2,0
Noruega,Croacia,16/06/2025,Visitante,1,2,Derrota,Oficial,Caluroso,29,74,10,4,44,0,0
Noruega,Inglaterra,12/06/2025,Visitante,1,1,Empate,Eliminatoria,Frio,12,49,7,6,41,3,1
Noruega,Países Bajos,06/06/2025,Visitante,1,3,Derrota,Eliminatoria,Caluroso,36,37,6,7,61,1,0
Noruega,Suecia,30/05/2025,Visitante,1,1,Empate,Amistoso,Lluvia,5,79,8,3,54,1,0
Noruega,Arabia Saudita,23/05/2025,Visitante,0,2,Derrota,Copa,Lluvia,11,91,12,2,44,0,2
Noruega,Egipto,12/05/2025,Visitante,2,0,Victoria,Amistoso,Lluvia,14,83,4,7,53,3,1
Nueva Zelanda,Canadá,2026-05-28,Local,2,3,Derrota,Amistoso,Caluroso,32,40,6,7,48,0,0
Nueva Zelanda,Irak,2026-05-17,Visitante,0,2,Derrota,Eliminatoria,Lluvia,21,90,6,6,53,1,0
Nueva Zelanda,República Democrática del Congo,2026-05-08,Local,0,1,Derrota,Eliminatoria,Soleado,25,54,4,1,55,0,0
Nueva Zelanda,Jordania,2026-04-26,Visitante,0,0,Empate,Amistoso,Soleado,22,57,4,6,32,0,0
Nueva Zelanda,Panamá,2026-04-17,Local,2,1,Victoria,Eliminatoria,Frio,8,56,9,8,55,1,0
Nueva Zelanda,Japón,2026-04-03,Visitante,0,4,Derrota,Oficial,Frio,4,50,7,6,47,2,1
Nueva Zelanda,Catar,2026-03-26,Visitante,0,3,Derrota,Amistoso,Soleado,25,68,7,4,58,2,0
Nueva Zelanda,Colombia,2026-03-12,Visitante,0,1,Derrota,Eliminatoria,Soleado,29,66,5,5,42,1,0
Nueva Zelanda,Brasil,2026-03-03,Local,2,0,Victoria,Eliminatoria,Nublado,19,78,5,5,58,3,2
Nueva Zelanda,Australia,2026-02-19,Local,0,0,Empate,Eliminatoria,Soleado,25,46,3,5,56,0,2
Nueva Zelanda,Bélgica,09/02/2026,Local,1,1,Empate,Eliminatoria,Soleado,22,72,8,4,58,0,0
Nueva Zelanda,Australia,05/02/2026,Visitante,2,1,Victoria,Oficial,Lluvia,21,76,8,6,35,3,0
Nueva Zelanda,Cabo Verde,29/01/2026,Visitante,0,4,Derrota,Oficial,Nublado,15,65,3,5,46,1,0
Nueva Zelanda,República Democrática del Congo,21/01/2026,Visitante,2,2,Empate,Oficial,Soleado,24,54,4,9,44,1,0
Nueva Zelanda,Paraguay,13/01/2026,Visitante,0,3,Derrota,Oficial,Frio,11,70,12,8,48,1,0
Nueva Zelanda,Francia,05/01/2026,Visitante,0,3,Derrota,Amistoso,Frio,10,71,7,5,35,3,0
Nueva Zelanda,Brasil,31/12/2025,Visitante,2,0,Victoria,Liga de Naciones,Soleado,18,49,6,9,52,0,1
Nueva Zelanda,Inglaterra,25/12/2025,Visitante,0,2,Derrota,Oficial,Nublado,25,38,6,4,44,0,0
Nueva Zelanda,Francia,15/12/2025,Local,2,1,Victoria,Liga de Naciones,Lluvia,28,74,9,5,60,3,1
Nueva Zelanda,Portugal,07/12/2025,Local,0,2,Derrota,Eliminatoria,Nublado,8,69,5,8,38,0,0
Nueva Zelanda,Ecuador,02/12/2025,Visitante,1,0,Victoria,Eliminatoria,Soleado,12,45,5,8,48,3,1
Nueva Zelanda,Egipto,26/11/2025,Local,0,0,Empate,Liga de Naciones,Nublado,8,80,10,4,61,0,1
Nueva Zelanda,Corea del Sur,16/11/2025,Visitante,0,1,Derrota,Eliminatoria,Nublado,32,36,6,5,41,1,0
Nueva Zelanda,Costa de Marfil,12/11/2025,Visitante,0,2,Derrota,Oficial,Frio,5,71,14,6,48,0,0
Nueva Zelanda,Inglaterra,05/11/2025,Visitante,3,1,Victoria,Eliminatoria,Lluvia,12,74,10,12,46,1,0
Nueva Zelanda,Colombia,28/10/2025,Visitante,0,2,Derrota,Oficial,Soleado,21,41,10,2,40,1,1
Nueva Zelanda,Irak,20/10/2025,Visitante,3,1,Victoria,Amistoso,Caluroso,28,47,12,8,35,2,0
Nueva Zelanda,Canadá,13/10/2025,Local,1,3,Derrota,Oficial,Nublado,27,40,10,9,49,0,0
Nueva Zelanda,Curazao,08/10/2025,Visitante,0,1,Derrota,Liga de Naciones,Caluroso,26,68,4,4,48,0,0
Nueva Zelanda,México,02/10/2025,Local,0,1,Derrota,Oficial,Soleado,7,61,9,6,47,3,0
Nueva Zelanda,Marruecos,23/09/2025,Local,0,3,Derrota,Eliminatoria,Caluroso,27,72,4,8,55,0,0
Nueva Zelanda,Croacia,14/09/2025,Visitante,2,1,Victoria,Oficial,Lluvia,12,65,14,5,44,2,0
Nueva Zelanda,Uruguay,07/09/2025,Visitante,1,1,Empate,Eliminatoria,Frio,11,51,3,7,46,1,0
Nueva Zelanda,Egipto,02/09/2025,Local,1,1,Empate,Liga de Naciones,Frio,3,68,9,6,61,0,0
Nueva Zelanda,Ecuador,28/08/2025,Local,1,1,Empate,Liga de Naciones,Soleado,34,54,7,7,46,3,0
Nueva Zelanda,México,20/08/2025,Local,1,3,Derrota,Eliminatoria,Caluroso,25,81,9,8,47,2,1
Nueva Zelanda,Marruecos,11/08/2025,Visitante,1,0,Victoria,Eliminatoria,Frio,8,38,3,6,49,0,2
Nueva Zelanda,Marruecos,03/08/2025,Local,1,2,Derrota,Oficial,Nublado,22,43,7,8,60,0,0
Nueva Zelanda,Canadá,31/07/2025,Local,1,0,Victoria,Amistoso,Lluvia,27,70,10,9,43,1,0
Nueva Zelanda,Argentina,23/07/2025,Local,1,1,Empate,Eliminatoria,Frio,5,63,3,8,40,1,0
Nueva Zelanda,Sudáfrica,13/07/2025,Local,3,1,Victoria,Eliminatoria,Lluvia,27,67,3,9,57,0,0
Nueva Zelanda,Noruega,10/07/2025,Visitante,2,0,Victoria,Eliminatoria,Caluroso,29,83,10,8,37,0,0
Nueva Zelanda,Cabo Verde,02/07/2025,Local,1,0,Victoria,Amistoso,Lluvia,26,72,6,5,57,2,0
Nueva Zelanda,Suecia,25/06/2025,Local,2,2,Empate,Eliminatoria,Frio,5,63,12,7,35,1,0
Nueva Zelanda,Cabo Verde,16/06/2025,Visitante,2,2,Empate,Copa,Lluvia,14,71,9,6,55,1,1
Nueva Zelanda,Túnez,08/06/2025,Visitante,0,3,Derrota,Copa,Nublado,25,75,10,4,46,2,0
Nueva Zelanda,Haití,04/06/2025,Visitante,1,3,Derrota,Copa,Frio,10,87,10,4,55,2,0
Nueva Zelanda,Japón,26/05/2025,Visitante,2,0,Victoria,Oficial,Lluvia,13,66,5,6,43,0,0
Nueva Zelanda,Panamá,22/05/2025,Local,0,0,Empate,Oficial,Lluvia,14,73,12,5,61,1,0
Nueva Zelanda,Francia,14/05/2025,Visitante,1,3,Derrota,Amistoso,Soleado,22,63,10,6,43,0,1
Países Bajos,Bosnia y Herzegovina,2026-05-29,Local,4,0,Victoria,Eliminatoria,Soleado,25,60,3,9,55,1,0
Países Bajos,Portugal,2026-05-18,Local,1,0,Victoria,Eliminatoria,Caluroso,28,38,5,6,48,2,0
Países Bajos,Noruega,2026-05-09,Local,2,2,Empate,Liga de Naciones,Nublado,22,79,6,6,60,0,0
Países Bajos,República Checa,2026-04-25,Local,4,0,Victoria,Eliminatoria,Frio,9,52,9,12,52,0,0
Países Bajos,España,2026-04-15,Visitante,3,1,Victoria,Copa,Lluvia,20,86,5,9,43,1,0
Países Bajos,Austria,2026-04-04,Visitante,3,0,Victoria,Amistoso,Lluvia,25,95,4,7,53,0,0
Países Bajos,Alemania,2026-03-26,Visitante,2,1,Victoria,Amistoso,Soleado,20,55,5,6,42,1,0
Países Bajos,Irak,2026-03-13,Local,2,1,Victoria,Copa,Lluvia,17,93,3,9,55,1,1
Países Bajos,Japón,2026-03-01,Visitante,2,0,Victoria,Eliminatoria,Nublado,24,62,5,9,43,1,1
Países Bajos,Paraguay,2026-02-18,Visitante,0,0,Empate,Amistoso,Nublado,17,58,3,6,39,3,1
Países Bajos,Bélgica,07/02/2026,Visitante,1,1,Empate,Oficial,Caluroso,30,35,14,6,60,3,0
Países Bajos,Irak,04/02/2026,Visitante,2,1,Victoria,Amistoso,Soleado,16,45,3,9,57,2,0
Países Bajos,Senegal,27/01/2026,Local,1,0,Victoria,Oficial,Frio,7,35,7,9,67,0,1
Países Bajos,República Checa,21/01/2026,Local,3,0,Victoria,Amistoso,Lluvia,10,82,14,8,50,1,0
Países Bajos,Portugal,10/01/2026,Local,1,1,Empate,Oficial,Caluroso,30,59,12,4,44,2,1
Países Bajos,Irán,05/01/2026,Visitante,2,1,Victoria,Eliminatoria,Lluvia,20,76,5,8,45,1,1
Países Bajos,Argentina,31/12/2025,Local,4,1,Victoria,Amistoso,Nublado,7,62,4,10,37,2,0
Países Bajos,Nueva Zelanda,22/12/2025,Visitante,4,0,Victoria,Eliminatoria,Soleado,22,47,10,12,52,2,0
Países Bajos,Francia,15/12/2025,Visitante,4,1,Victoria,Eliminatoria,Soleado,30,71,14,12,50,1,1
Países Bajos,Senegal,07/12/2025,Visitante,0,0,Empate,Amistoso,Nublado,31,35,9,5,40,2,0
Países Bajos,Arabia Saudita,01/12/2025,Visitante,0,0,Empate,Liga de Naciones,Nublado,32,57,5,1,44,0,0
Países Bajos,Irak,25/11/2025,Local,2,2,Empate,Eliminatoria,Lluvia,33,91,9,9,69,0,0
Países Bajos,Arabia Saudita,19/11/2025,Visitante,2,1,Victoria,Oficial,Nublado,29,87,5,8,47,1,0
Países Bajos,Marruecos,12/11/2025,Local,4,1,Victoria,Amistoso,Soleado,23,37,14,8,59,1,0
Países Bajos,Ecuador,01/11/2025,Visitante,1,1,Empate,Oficial,Soleado,13,50,6,8,38,1,0
Países Bajos,Colombia,25/10/2025,Visitante,2,1,Victoria,Liga de Naciones,Nublado,31,40,12,7,50,1,0
Países Bajos,Irán,19/10/2025,Local,5,0,Victoria,Oficial,Soleado,14,75,10,11,58,2,0
Países Bajos,Japón,15/10/2025,Local,1,0,Victoria,Eliminatoria,Soleado,13,79,8,7,56,0,1
Países Bajos,Japón,07/10/2025,Local,2,2,Empate,Eliminatoria,Caluroso,29,66,12,7,49,1,0
Países Bajos,Francia,28/09/2025,Visitante,2,3,Derrota,Amistoso,Caluroso,27,56,10,7,42,1,0
Países Bajos,Senegal,21/09/2025,Visitante,0,2,Derrota,Eliminatoria,Nublado,6,57,6,3,61,3,0
Países Bajos,Sudáfrica,16/09/2025,Visitante,1,0,Victoria,Amistoso,Caluroso,30,73,4,5,57,5,0
Países Bajos,Marruecos,09/09/2025,Visitante,1,4,Derrota,Amistoso,Frio,13,51,9,8,60,0,0
Países Bajos,Uruguay,01/09/2025,Visitante,0,0,Empate,Amistoso,Lluvia,19,88,6,9,42,0,0
Países Bajos,Australia,27/08/2025,Local,1,0,Victoria,Oficial,Lluvia,32,79,5,10,59,0,0
Países Bajos,Japón,18/08/2025,Local,0,2,Derrota,Liga de Naciones,Nublado,30,56,5,6,63,1,1
Países Bajos,Sudáfrica,13/08/2025,Local,2,0,Victoria,Eliminatoria,Soleado,34,70,10,10,62,0,0
Países Bajos,Irak,04/08/2025,Visitante,1,1,Empate,Liga de Naciones,Soleado,12,72,3,8,51,0,0
Países Bajos,Turquía,30/07/2025,Local,2,0,Victoria,Oficial,Frio,3,65,5,12,57,2,0
Países Bajos,Francia,19/07/2025,Local,2,0,Victoria,Eliminatoria,Lluvia,12,66,4,6,50,0,0
Países Bajos,Argentina,16/07/2025,Visitante,1,1,Empate,Eliminatoria,Frio,3,45,14,8,51,0,1
Países Bajos,Uruguay,05/07/2025,Local,4,1,Victoria,Liga de Naciones,Frio,8,78,5,10,54,0,0
Países Bajos,Colombia,29/06/2025,Visitante,2,1,Victoria,Amistoso,Caluroso,36,53,5,8,44,0,0
Países Bajos,Turquía,22/06/2025,Local,1,3,Derrota,Eliminatoria,Nublado,24,69,7,6,49,1,1
Países Bajos,Argentina,16/06/2025,Visitante,1,1,Empate,Copa,Caluroso,27,49,10,7,46,1,2
Países Bajos,Suecia,07/06/2025,Local,2,0,Victoria,Liga de Naciones,Lluvia,20,65,4,5,63,3,2
Países Bajos,Irán,04/06/2025,Local,3,0,Victoria,Liga de Naciones,Caluroso,32,74,6,10,58,2,0
Países Bajos,República Democrática del Congo,28/05/2025,Local,3,1,Victoria,Copa,Lluvia,17,66,6,10,65,3,0
Países Bajos,Turquía,17/05/2025,Local,0,0,Empate,Amistoso,Soleado,17,53,5,8,66,0,0
Países Bajos,Corea del Sur,12/05/2025,Local,2,1,Victoria,Copa,Soleado,33,48,6,8,65,1,0
Panamá,México,2026-05-30,Local,3,1,Victoria,Liga de Naciones,Nublado,24,80,8,8,47,0,0
Panamá,Curazao,2026-05-18,Local,1,4,Derrota,Amistoso,Lluvia,18,82,4,7,56,1,0
Panamá,Canadá,2026-05-07,Visitante,2,1,Victoria,Oficial,Caluroso,33,46,8,8,39,0,1
Panamá,Estados Unidos,2026-04-27,Visitante,1,1,Empate,Eliminatoria,Nublado,21,81,7,2,54,3,0
Panamá,Haití,2026-04-17,Visitante,0,2,Derrota,Amistoso,Lluvia,20,83,7,5,49,0,1
Panamá,Túnez,2026-04-03,Local,0,0,Empate,Eliminatoria,Soleado,22,54,5,6,44,3,0
Panamá,Austria,2026-03-23,Local,1,1,Empate,Eliminatoria,Nublado,22,60,8,5,43,1,1
Panamá,Inglaterra,2026-03-13,Local,1,4,Derrota,Eliminatoria,Nublado,15,84,9,5,44,0,0
Panamá,Ecuador,2026-03-02,Visitante,0,0,Empate,Amistoso,Soleado,21,55,5,4,41,2,0
Panamá,Francia,2026-02-21,Visitante,0,1,Derrota,Eliminatoria,Caluroso,34,32,8,4,40,1,0
Panamá,Catar,10/02/2026,Visitante,0,2,Derrota,Liga de Naciones,Nublado,32,82,10,7,37,1,0
Panamá,Suecia,06/02/2026,Visitante,1,4,Derrota,Oficial,Soleado,19,77,6,8,27,0,0
Panamá,Curazao,28/01/2026,Local,2,0,Victoria,Oficial,Nublado,7,47,9,8,54,2,1
Panamá,Corea del Sur,21/01/2026,Local,1,2,Derrota,Liga de Naciones,Frio,10,70,8,6,64,0,0
Panamá,Brasil,16/01/2026,Visitante,1,2,Derrota,Oficial,Caluroso,31,44,12,7,40,1,1
Panamá,Marruecos,08/01/2026,Visitante,0,0,Empate,Eliminatoria,Lluvia,12,67,7,6,44,1,0
Panamá,Croacia,31/12/2025,Visitante,0,1,Derrota,Eliminatoria,Lluvia,22,87,5,4,43,1,0
Panamá,Bosnia y Herzegovina,26/12/2025,Visitante,0,0,Empate,Amistoso,Frio,10,68,12,6,51,4,0
Panamá,Brasil,16/12/2025,Visitante,1,1,Empate,Oficial,Lluvia,33,67,10,9,45,2,0
Panamá,Uzbekistán,09/12/2025,Visitante,0,1,Derrota,Copa,Lluvia,28,76,7,6,48,2,2
Panamá,Paraguay,02/12/2025,Local,3,2,Victoria,Oficial,Frio,13,66,3,11,47,5,0
Panamá,México,28/11/2025,Local,1,2,Derrota,Eliminatoria,Caluroso,33,42,3,5,59,1,1
Panamá,Egipto,19/11/2025,Local,2,0,Victoria,Oficial,Soleado,15,45,7,7,37,0,2
Panamá,Argelia,14/11/2025,Local,0,0,Empate,Eliminatoria,Caluroso,34,73,3,5,56,2,1
Panamá,Marruecos,08/11/2025,Visitante,0,4,Derrota,Amistoso,Lluvia,16,65,6,2,49,1,0
Panamá,Túnez,28/10/2025,Local,1,2,Derrota,Oficial,Frio,6,86,14,5,51,0,1
Panamá,Uzbekistán,25/10/2025,Local,0,2,Derrota,Eliminatoria,Lluvia,15,74,10,3,57,1,0
Panamá,Curazao,14/10/2025,Local,2,1,Victoria,Eliminatoria,Lluvia,21,81,8,9,56,0,1
Panamá,Inglaterra,09/10/2025,Local,1,0,Victoria,Amistoso,Frio,7,58,10,6,47,0,0
Panamá,República Checa,30/09/2025,Visitante,0,2,Derrota,Copa,Caluroso,25,66,9,7,55,0,1
Panamá,Ecuador,27/09/2025,Visitante,1,2,Derrota,Oficial,Soleado,32,45,7,5,42,2,1
Panamá,Paraguay,16/09/2025,Visitante,1,0,Victoria,Eliminatoria,Soleado,26,86,8,6,57,2,1
Panamá,Austria,11/09/2025,Visitante,1,3,Derrota,Eliminatoria,Nublado,26,35,12,12,43,1,1
Panamá,México,04/09/2025,Local,1,0,Victoria,Eliminatoria,Frio,5,75,9,5,53,1,2
Panamá,Marruecos,29/08/2025,Local,2,0,Victoria,Amistoso,Lluvia,26,67,3,9,40,1,1
Panamá,Jordania,22/08/2025,Local,1,2,Derrota,Oficial,Frio,7,79,4,5,60,1,0
Panamá,Inglaterra,15/08/2025,Local,0,1,Derrota,Eliminatoria,Frio,3,37,14,7,50,2,0
Panamá,Suecia,05/08/2025,Local,2,1,Victoria,Oficial,Frio,4,77,3,5,44,1,0
Panamá,Ecuador,30/07/2025,Local,3,0,Victoria,Copa,Caluroso,36,58,3,9,46,1,1
Panamá,Paraguay,22/07/2025,Local,1,2,Derrota,Eliminatoria,Caluroso,25,49,14,5,51,0,0
Panamá,Ecuador,18/07/2025,Local,4,0,Victoria,Copa,Caluroso,34,38,8,10,48,1,0
Panamá,Paraguay,09/07/2025,Local,2,0,Victoria,Oficial,Caluroso,27,48,5,5,54,0,1
Panamá,Inglaterra,05/07/2025,Visitante,2,3,Derrota,Eliminatoria,Nublado,10,43,3,5,52,0,0
Panamá,Brasil,24/06/2025,Local,1,2,Derrota,Amistoso,Nublado,21,35,6,5,47,0,1
Panamá,República Checa,19/06/2025,Visitante,2,1,Victoria,Oficial,Lluvia,17,94,9,5,51,2,0
Panamá,Argelia,12/06/2025,Local,3,0,Victoria,Eliminatoria,Lluvia,12,95,4,9,60,0,0
Panamá,Suiza,07/06/2025,Local,0,2,Derrota,Liga de Naciones,Nublado,24,40,10,5,45,1,2
Panamá,Túnez,28/05/2025,Local,1,1,Empate,Oficial,Soleado,20,67,6,3,45,1,2
Panamá,Jordania,22/05/2025,Local,0,0,Empate,Amistoso,Soleado,33,85,4,7,61,0,0
Panamá,Brasil,15/05/2025,Visitante,1,0,Victoria,Eliminatoria,Soleado,15,63,4,3,39,0,0
Paraguay,Argentina,2026-05-31,Local,0,0,Empate,Eliminatoria,Soleado,27,45,9,1,51,2,0
Paraguay,Colombia,2026-05-20,Visitante,1,2,Derrota,Eliminatoria,Lluvia,20,79,5,2,48,1,0
Paraguay,Ecuador,2026-05-08,Local,2,1,Victoria,Eliminatoria,Soleado,19,40,6,7,53,0,1
Paraguay,Brasil,2026-04-25,Local,2,2,Empate,Eliminatoria,Soleado,19,50,5,8,49,1,1
Paraguay,Uruguay,2026-04-15,Local,1,0,Victoria,Eliminatoria,Nublado,15,71,9,6,45,1,0
Paraguay,Catar,2026-04-03,Local,1,1,Empate,Oficial,Soleado,20,56,3,6,53,1,0
Paraguay,Alemania,2026-03-25,Local,1,0,Victoria,Eliminatoria,Frio,10,69,3,6,35,2,0
Paraguay,Suiza,2026-03-15,Local,0,0,Empate,Amistoso,Nublado,14,70,9,4,54,3,0
Paraguay,Argelia,2026-03-01,Local,3,1,Victoria,Eliminatoria,Caluroso,30,33,8,6,47,1,0
Paraguay,República Checa,2026-02-20,Visitante,1,0,Victoria,Eliminatoria,Soleado,23,46,7,6,52,0,1
Paraguay,Inglaterra,09/02/2026,Visitante,1,1,Empate,Amistoso,Frio,9,38,7,5,34,0,2
Paraguay,Canadá,03/02/2026,Local,0,2,Derrota,Eliminatoria,Soleado,33,79,7,6,57,2,0
Paraguay,Curazao,26/01/2026,Local,0,2,Derrota,Copa,Frio,5,46,7,4,54,1,1
Paraguay,Nueva Zelanda,22/01/2026,Local,1,2,Derrota,Copa,Frio,9,76,10,8,53,0,0
Paraguay,Francia,12/01/2026,Local,0,0,Empate,Copa,Nublado,19,64,14,5,43,1,0
Paraguay,Brasil,05/01/2026,Local,2,3,Derrota,Amistoso,Frio,8,53,7,6,36,1,0
Paraguay,Túnez,31/12/2025,Local,0,1,Derrota,Amistoso,Frio,7,53,12,4,59,2,0
Paraguay,Senegal,25/12/2025,Visitante,0,1,Derrota,Liga de Naciones,Frio,4,45,8,7,39,0,1
Paraguay,Austria,16/12/2025,Local,3,2,Victoria,Amistoso,Nublado,22,68,8,9,55,2,0
Paraguay,Senegal,11/12/2025,Local,1,2,Derrota,Liga de Naciones,Nublado,24,85,8,3,56,1,1
Paraguay,Curazao,05/12/2025,Local,2,0,Victoria,Eliminatoria,Soleado,23,61,6,5,58,0,0
Paraguay,España,28/11/2025,Local,0,4,Derrota,Oficial,Caluroso,30,36,3,8,57,1,0
Paraguay,Escocia,17/11/2025,Local,1,0,Victoria,Oficial,Soleado,17,88,9,3,54,1,1
Paraguay,Panamá,13/11/2025,Visitante,2,1,Victoria,Oficial,Nublado,15,47,8,8,47,0,1
Paraguay,Inglaterra,03/11/2025,Local,0,1,Derrota,Oficial,Lluvia,22,78,9,5,37,1,0
Paraguay,Irak,31/10/2025,Local,5,0,Victoria,Oficial,Caluroso,28,56,3,8,51,1,0
Paraguay,Curazao,24/10/2025,Visitante,0,2,Derrota,Oficial,Soleado,32,41,9,5,46,0,1
Paraguay,Suiza,15/10/2025,Visitante,1,1,Empate,Eliminatoria,Lluvia,13,78,9,6,41,2,0
Paraguay,Curazao,10/10/2025,Local,3,1,Victoria,Liga de Naciones,Lluvia,26,94,10,7,45,2,0
Paraguay,Panamá,29/09/2025,Visitante,1,1,Empate,Amistoso,Lluvia,6,82,5,6,60,0,0
Paraguay,Irak,22/09/2025,Local,0,0,Empate,Eliminatoria,Caluroso,34,56,3,7,52,1,0
Paraguay,Suiza,18/09/2025,Local,0,1,Derrota,Amistoso,Soleado,8,72,14,5,50,1,0
Paraguay,Haití,10/09/2025,Local,2,2,Empate,Oficial,Caluroso,26,65,10,8,47,2,0
Paraguay,Uruguay,05/09/2025,Local,1,1,Empate,Eliminatoria,Soleado,14,45,3,5,52,0,0
Paraguay,Suiza,26/08/2025,Visitante,0,2,Derrota,Eliminatoria,Soleado,28,59,10,5,42,0,1
Paraguay,Suiza,18/08/2025,Local,0,1,Derrota,Oficial,Soleado,12,58,10,6,47,0,0
Paraguay,Brasil,11/08/2025,Visitante,1,2,Derrota,Liga de Naciones,Frio,8,41,7,6,39,1,0
Paraguay,Curazao,08/08/2025,Visitante,1,0,Victoria,Liga de Naciones,Frio,9,74,6,5,47,1,0
Paraguay,Croacia,28/07/2025,Local,1,4,Derrota,Amistoso,Caluroso,29,71,12,4,52,1,1
Paraguay,Croacia,25/07/2025,Visitante,1,0,Victoria,Amistoso,Lluvia,7,70,14,9,40,0,0
Paraguay,Ghana,16/07/2025,Local,0,4,Derrota,Oficial,Frio,7,61,12,2,44,0,1
Paraguay,Estados Unidos,08/07/2025,Visitante,0,3,Derrota,Amistoso,Frio,7,72,6,4,44,2,1
Paraguay,Haití,04/07/2025,Local,1,2,Derrota,Liga de Naciones,Soleado,19,77,5,8,53,2,0
Paraguay,Escocia,23/06/2025,Visitante,1,2,Derrota,Liga de Naciones,Frio,4,36,5,7,67,1,0
Paraguay,Francia,19/06/2025,Visitante,0,3,Derrota,Eliminatoria,Nublado,20,78,4,5,47,2,0
Paraguay,Alemania,11/06/2025,Visitante,0,0,Empate,Oficial,Caluroso,36,78,8,4,39,0,0
Paraguay,Francia,03/06/2025,Visitante,0,2,Derrota,Liga de Naciones,Nublado,15,53,14,8,37,1,0
Paraguay,Cabo Verde,26/05/2025,Local,0,1,Derrota,Copa,Caluroso,27,42,8,3,51,2,0
Paraguay,Estados Unidos,23/05/2025,Visitante,0,3,Derrota,Eliminatoria,Caluroso,31,63,6,5,44,1,0
Paraguay,Costa de Marfil,14/05/2025,Local,2,0,Victoria,Oficial,Caluroso,27,85,6,9,31,1,1
Portugal,Alemania,2026-05-31,Local,0,1,Derrota,Eliminatoria,Soleado,20,51,4,6,61,0,1
Portugal,Bélgica,2026-05-18,Visitante,0,1,Derrota,Eliminatoria,Frio,12,59,5,3,47,1,0
Portugal,Bosnia y Herzegovina,2026-05-07,Local,4,1,Victoria,Copa,Frio,5,45,3,10,62,0,0
Portugal,Inglaterra,2026-04-26,Visitante,1,1,Empate,Amistoso,Caluroso,30,63,9,6,40,2,0
Portugal,Austria,2026-04-14,Local,1,0,Victoria,Liga de Naciones,Nublado,16,57,4,8,55,1,0
Portugal,Suecia,2026-04-03,Visitante,1,0,Victoria,Eliminatoria,Frio,6,67,9,7,55,2,0
Portugal,Noruega,2026-03-24,Local,4,3,Victoria,Oficial,Nublado,17,77,9,12,46,2,0
Portugal,Ghana,2026-03-13,Local,1,0,Victoria,Amistoso,Nublado,15,61,7,5,64,0,0
Portugal,Argelia,2026-03-03,Visitante,0,0,Empate,Oficial,Frio,13,46,8,3,55,1,0
Portugal,Costa de Marfil,2026-02-20,Local,2,0,Victoria,Eliminatoria,Lluvia,18,84,5,7,54,0,0
Portugal,Irán,11/02/2026,Local,1,0,Victoria,Eliminatoria,Lluvia,32,86,8,6,53,0,1
Portugal,Austria,04/02/2026,Visitante,1,0,Victoria,Oficial,Soleado,27,55,3,5,59,1,0
Portugal,Corea del Sur,29/01/2026,Visitante,2,0,Victoria,Copa,Soleado,30,37,5,7,58,0,0
Portugal,Estados Unidos,22/01/2026,Visitante,0,0,Empate,Amistoso,Soleado,34,36,6,5,38,1,1
Portugal,Suiza,15/01/2026,Visitante,0,0,Empate,Eliminatoria,Frio,14,56,5,5,45,1,0
Portugal,Japón,06/01/2026,Local,0,1,Derrota,Amistoso,Lluvia,25,79,7,7,54,1,1
Portugal,Suiza,01/01/2026,Visitante,2,0,Victoria,Oficial,Nublado,19,55,12,9,50,1,1
Portugal,México,22/12/2025,Local,1,0,Victoria,Eliminatoria,Frio,13,79,14,7,61,1,0
Portugal,Costa de Marfil,18/12/2025,Local,1,0,Victoria,Eliminatoria,Lluvia,27,75,8,3,50,1,1
Portugal,Australia,12/12/2025,Visitante,2,0,Victoria,Oficial,Soleado,15,72,8,8,60,1,0
Portugal,Australia,03/12/2025,Visitante,2,0,Victoria,Copa,Soleado,22,69,10,5,45,0,1
Portugal,México,26/11/2025,Visitante,0,1,Derrota,Copa,Soleado,17,70,8,5,54,4,0
Portugal,Noruega,17/11/2025,Local,1,0,Victoria,Amistoso,Caluroso,28,50,9,6,63,0,0
Portugal,Escocia,12/11/2025,Local,3,0,Victoria,Liga de Naciones,Soleado,22,77,14,8,31,0,0
Portugal,Corea del Sur,06/11/2025,Local,4,0,Victoria,Liga de Naciones,Soleado,7,67,7,11,59,1,0
Portugal,Francia,30/10/2025,Visitante,1,1,Empate,Eliminatoria,Nublado,9,67,8,7,50,1,0
Portugal,Irán,22/10/2025,Local,4,0,Victoria,Amistoso,Nublado,12,52,3,10,58,2,0
Portugal,México,15/10/2025,Visitante,0,0,Empate,Eliminatoria,Nublado,12,74,9,5,54,0,0
Portugal,Canadá,08/10/2025,Local,3,2,Victoria,Amistoso,Caluroso,30,85,3,10,67,1,0
Portugal,Brasil,30/09/2025,Local,3,1,Victoria,Liga de Naciones,Soleado,26,68,7,9,46,0,0
Portugal,Japón,24/09/2025,Visitante,2,0,Victoria,Amistoso,Frio,13,39,14,8,53,0,1
Portugal,Países Bajos,15/09/2025,Visitante,1,3,Derrota,Oficial,Nublado,30,66,12,4,38,0,1
Portugal,Corea del Sur,09/09/2025,Visitante,1,0,Victoria,Eliminatoria,Nublado,29,70,4,9,58,0,0
Portugal,Cabo Verde,01/09/2025,Local,2,1,Victoria,Eliminatoria,Soleado,28,67,4,6,69,2,0
Portugal,Senegal,28/08/2025,Visitante,0,0,Empate,Copa,Caluroso,34,73,4,5,43,1,0
Portugal,Paraguay,21/08/2025,Visitante,2,1,Victoria,Liga de Naciones,Lluvia,28,91,8,7,50,0,0
Portugal,Canadá,13/08/2025,Local,1,0,Victoria,Amistoso,Nublado,20,45,6,2,69,0,0
Portugal,Paraguay,04/08/2025,Visitante,4,0,Victoria,Amistoso,Soleado,31,44,12,12,54,1,0
Portugal,Países Bajos,01/08/2025,Visitante,0,0,Empate,Eliminatoria,Caluroso,34,82,7,5,38,1,0
Portugal,Arabia Saudita,25/07/2025,Local,3,1,Victoria,Eliminatoria,Caluroso,25,83,6,9,50,1,0
Portugal,Brasil,17/07/2025,Local,3,3,Empate,Eliminatoria,Soleado,32,74,9,8,60,1,0
Portugal,Suiza,11/07/2025,Local,0,1,Derrota,Eliminatoria,Frio,7,40,6,4,48,0,0
Portugal,República Democrática del Congo,01/07/2025,Visitante,4,1,Victoria,Liga de Naciones,Lluvia,31,89,4,9,63,2,0
Portugal,Nueva Zelanda,23/06/2025,Local,0,1,Derrota,Oficial,Caluroso,30,83,10,5,73,1,0
Portugal,Estados Unidos,19/06/2025,Visitante,0,0,Empate,Eliminatoria,Lluvia,27,82,14,5,40,1,0
Portugal,Japón,12/06/2025,Local,1,0,Victoria,Liga de Naciones,Nublado,34,85,7,5,49,0,0
Portugal,República Democrática del Congo,06/06/2025,Local,5,0,Victoria,Amistoso,Soleado,23,57,10,14,57,1,0
Portugal,Croacia,28/05/2025,Visitante,0,0,Empate,Copa,Caluroso,35,49,12,5,25,2,0
Portugal,Senegal,23/05/2025,Local,0,0,Empate,Eliminatoria,Soleado,28,75,7,6,57,0,0
Portugal,Escocia,13/05/2025,Local,0,0,Empate,Liga de Naciones,Caluroso,31,74,4,4,61,2,0
República Checa,Turquía,2026-05-29,Visitante,0,2,Derrota,Oficial,Nublado,20,84,9,5,56,2,0
República Checa,Alemania,2026-05-20,Local,0,1,Derrota,Oficial,Frio,14,51,8,5,45,1,2
República Checa,Suecia,2026-05-06,Local,1,1,Empate,Liga de Naciones,Frio,10,67,5,5,53,0,0
República Checa,Bélgica,2026-04-27,Local,3,1,Victoria,Copa,Caluroso,31,64,7,8,57,0,0
República Checa,Noruega,2026-04-14,Visitante,2,0,Victoria,Liga de Naciones,Soleado,18,44,7,7,52,1,0
República Checa,Países Bajos,2026-04-05,Local,2,4,Derrota,Eliminatoria,Caluroso,30,34,6,6,48,1,0
República Checa,Croacia,2026-03-25,Local,0,1,Derrota,Amistoso,Caluroso,36,53,3,2,45,0,0
República Checa,Japón,2026-03-13,Local,1,0,Victoria,Eliminatoria,Soleado,27,70,7,4,51,0,1
República Checa,Senegal,2026-03-01,Local,2,2,Empate,Eliminatoria,Frio,12,62,7,5,66,1,0
República Checa,Cabo Verde,2026-02-18,Local,1,0,Victoria,Liga de Naciones,Lluvia,18,88,5,6,52,1,2
República Checa,Uzbekistán,11/02/2026,Visitante,0,1,Derrota,Eliminatoria,Soleado,21,68,10,5,37,3,0
República Checa,Sudáfrica,03/02/2026,Visitante,1,0,Victoria,Amistoso,Lluvia,29,89,7,8,47,0,0
República Checa,Inglaterra,26/01/2026,Visitante,0,3,Derrota,Copa,Nublado,18,47,3,3,38,0,0
República Checa,República Democrática del Congo,21/01/2026,Visitante,1,1,Empate,Liga de Naciones,Soleado,30,47,14,4,46,1,0
República Checa,España,12/01/2026,Visitante,1,0,Victoria,Copa,Frio,8,41,10,7,40,0,1
República Checa,Suiza,06/01/2026,Local,0,3,Derrota,Amistoso,Frio,5,81,10,3,56,0,0
República Checa,Noruega,30/12/2025,Visitante,1,2,Derrota,Liga de Naciones,Caluroso,29,60,9,6,47,1,0
República Checa,Uzbekistán,24/12/2025,Visitante,0,0,Empate,Eliminatoria,Caluroso,34,48,10,6,44,2,0
República Checa,Croacia,15/12/2025,Local,0,1,Derrota,Oficial,Soleado,19,46,14,7,53,0,1
República Checa,Marruecos,07/12/2025,Local,1,1,Empate,Amistoso,Caluroso,32,60,10,9,52,2,0
República Checa,Escocia,03/12/2025,Visitante,2,0,Victoria,Copa,Caluroso,32,79,5,6,49,2,0
República Checa,Inglaterra,22/11/2025,Visitante,0,2,Derrota,Copa,Caluroso,34,58,5,4,48,1,0
República Checa,España,15/11/2025,Local,2,1,Victoria,Liga de Naciones,Frio,5,41,5,9,49,2,1
República Checa,Irán,09/11/2025,Visitante,0,3,Derrota,Copa,Nublado,25,68,10,6,59,2,1
República Checa,Túnez,05/11/2025,Visitante,2,1,Victoria,Oficial,Frio,9,78,7,8,44,2,0
República Checa,Egipto,27/10/2025,Visitante,2,0,Victoria,Eliminatoria,Lluvia,19,95,12,8,47,0,0
República Checa,Suiza,20/10/2025,Visitante,0,0,Empate,Oficial,Frio,10,80,6,6,41,1,0
República Checa,Argelia,13/10/2025,Visitante,3,0,Victoria,Amistoso,Nublado,28,52,12,9,39,0,1
República Checa,Túnez,05/10/2025,Visitante,3,0,Victoria,Amistoso,Frio,5,53,5,7,32,1,0
República Checa,Uruguay,28/09/2025,Local,1,0,Victoria,Amistoso,Nublado,31,58,3,7,56,3,0
República Checa,Panamá,21/09/2025,Visitante,2,2,Empate,Copa,Soleado,33,55,5,10,43,0,0
República Checa,Colombia,14/09/2025,Local,2,4,Derrota,Copa,Frio,7,69,14,7,60,1,0
República Checa,Ghana,09/09/2025,Local,1,1,Empate,Eliminatoria,Caluroso,27,55,3,6,57,1,0
República Checa,Costa de Marfil,03/09/2025,Visitante,1,2,Derrota,Oficial,Caluroso,35,38,12,7,56,1,1
República Checa,Canadá,24/08/2025,Local,0,1,Derrota,Liga de Naciones,Frio,13,76,4,5,55,1,0
República Checa,Argelia,16/08/2025,Visitante,0,2,Derrota,Copa,Caluroso,32,81,12,4,45,0,0
República Checa,Panamá,13/08/2025,Visitante,1,0,Victoria,Oficial,Soleado,24,58,6,6,55,1,0
República Checa,Croacia,03/08/2025,Visitante,0,0,Empate,Amistoso,Caluroso,29,83,6,6,39,1,1
República Checa,Corea del Sur,30/07/2025,Local,5,0,Victoria,Amistoso,Caluroso,29,38,9,9,44,1,0
República Checa,Austria,23/07/2025,Visitante,0,2,Derrota,Oficial,Soleado,28,76,4,3,61,1,0
República Checa,Túnez,15/07/2025,Local,1,0,Victoria,Liga de Naciones,Frio,5,71,12,5,42,1,0
República Checa,España,06/07/2025,Local,0,2,Derrota,Amistoso,Soleado,32,53,9,8,47,0,1
República Checa,Sudáfrica,28/06/2025,Local,1,0,Victoria,Eliminatoria,Caluroso,27,80,8,3,40,1,1
República Checa,Túnez,23/06/2025,Visitante,2,0,Victoria,Amistoso,Caluroso,29,47,4,8,45,0,0
República Checa,Túnez,15/06/2025,Local,2,1,Victoria,Eliminatoria,Soleado,8,58,3,7,38,1,0
República Checa,Uruguay,08/06/2025,Visitante,1,0,Victoria,Copa,Caluroso,33,86,10,6,40,2,0
República Checa,Costa de Marfil,01/06/2025,Local,0,1,Derrota,Eliminatoria,Caluroso,28,57,7,1,63,2,0
República Checa,Senegal,27/05/2025,Visitante,1,2,Derrota,Eliminatoria,Nublado,10,58,14,7,48,0,0
República Checa,Nueva Zelanda,21/05/2025,Visitante,0,1,Derrota,Amistoso,Nublado,23,56,9,5,44,0,0
República Checa,Colombia,11/05/2025,Visitante,0,3,Derrota,Oficial,Caluroso,25,62,7,8,44,3,0
República Democrática del Congo,Sudáfrica,2026-05-31,Local,0,0,Empate,Copa,Lluvia,15,93,3,6,55,2,0
República Democrática del Congo,Marruecos,2026-05-19,Visitante,0,2,Derrota,Copa,Soleado,23,42,9,4,43,1,1
República Democrática del Congo,Argelia,2026-05-09,Local,2,2,Empate,Oficial,Soleado,22,45,4,6,54,0,0
República Democrática del Congo,Ghana,2026-04-28,Visitante,5,3,Victoria,Eliminatoria,Soleado,20,44,4,11,47,1,0
República Democrática del Congo,Cabo Verde,2026-04-15,Local,1,4,Derrota,Liga de Naciones,Nublado,24,73,7,4,51,2,0
República Democrática del Congo,Túnez,2026-04-04,Local,0,0,Empate,Eliminatoria,Caluroso,29,60,9,1,47,1,0
República Democrática del Congo,Senegal,2026-03-25,Local,1,1,Empate,Amistoso,Nublado,14,58,4,5,51,1,0
República Democrática del Congo,Inglaterra,2026-03-13,Local,1,2,Derrota,Oficial,Soleado,19,52,8,5,47,1,0
República Democrática del Congo,Uruguay,2026-03-04,Visitante,0,1,Derrota,Oficial,Caluroso,28,56,7,3,40,1,0
República Democrática del Congo,México,2026-02-19,Local,1,2,Derrota,Amistoso,Caluroso,35,53,6,3,48,0,0
República Democrática del Congo,Ghana,10/02/2026,Local,1,0,Victoria,Amistoso,Soleado,6,37,7,5,50,2,1
República Democrática del Congo,Alemania,04/02/2026,Local,0,3,Derrota,Eliminatoria,Nublado,33,59,3,3,55,1,0
República Democrática del Congo,Paraguay,25/01/2026,Visitante,0,1,Derrota,Amistoso,Lluvia,6,89,8,4,48,2,0
República Democrática del Congo,Túnez,19/01/2026,Local,0,0,Empate,Amistoso,Nublado,23,61,8,4,43,1,0
República Democrática del Congo,México,14/01/2026,Local,0,1,Derrota,Amistoso,Soleado,33,68,14,5,45,2,0
República Democrática del Congo,Uzbekistán,04/01/2026,Visitante,1,1,Empate,Liga de Naciones,Soleado,25,53,6,7,56,0,0
República Democrática del Congo,Japón,01/01/2026,Local,0,1,Derrota,Oficial,Frio,9,64,9,3,54,1,0
República Democrática del Congo,Ecuador,23/12/2025,Visitante,1,1,Empate,Oficial,Frio,6,80,7,4,45,0,0
República Democrática del Congo,República Checa,16/12/2025,Local,0,0,Empate,Liga de Naciones,Nublado,31,62,3,8,45,1,0
República Democrática del Congo,Suecia,11/12/2025,Local,0,1,Derrota,Amistoso,Frio,3,36,12,2,58,0,0
República Democrática del Congo,Croacia,03/12/2025,Visitante,0,1,Derrota,Copa,Lluvia,27,67,8,5,43,3,0
República Democrática del Congo,Uruguay,25/11/2025,Visitante,0,2,Derrota,Eliminatoria,Lluvia,17,75,9,6,57,1,1
República Democrática del Congo,Irán,20/11/2025,Visitante,1,0,Victoria,Oficial,Frio,5,39,6,4,59,0,0
República Democrática del Congo,Haití,12/11/2025,Local,1,0,Victoria,Amistoso,Frio,3,69,9,11,42,1,0
República Democrática del Congo,Marruecos,06/11/2025,Visitante,0,0,Empate,Copa,Caluroso,30,42,4,9,57,0,0
República Democrática del Congo,España,30/10/2025,Visitante,0,2,Derrota,Oficial,Frio,4,45,10,4,29,0,1
República Democrática del Congo,Suiza,22/10/2025,Local,0,2,Derrota,Amistoso,Frio,5,38,7,7,57,2,0
República Democrática del Congo,Senegal,16/10/2025,Visitante,0,2,Derrota,Liga de Naciones,Caluroso,32,71,14,5,38,0,0
República Democrática del Congo,Japón,08/10/2025,Visitante,1,3,Derrota,Liga de Naciones,Soleado,16,80,12,5,53,1,0
República Democrática del Congo,Marruecos,30/09/2025,Visitante,1,6,Derrota,Amistoso,Nublado,7,74,14,7,32,0,0
República Democrática del Congo,Costa de Marfil,22/09/2025,Local,1,2,Derrota,Oficial,Soleado,17,66,8,7,58,1,0
República Democrática del Congo,Países Bajos,16/09/2025,Local,0,1,Derrota,Oficial,Nublado,14,86,7,7,48,1,0
República Democrática del Congo,Croacia,08/09/2025,Local,0,0,Empate,Copa,Caluroso,31,43,5,6,42,2,1
República Democrática del Congo,Austria,03/09/2025,Visitante,0,1,Derrota,Eliminatoria,Caluroso,27,51,7,5,59,0,0
República Democrática del Congo,Francia,26/08/2025,Local,0,3,Derrota,Oficial,Caluroso,33,62,12,4,46,1,0
República Democrática del Congo,Marruecos,18/08/2025,Visitante,2,0,Victoria,Oficial,Soleado,11,44,4,7,37,1,1
República Democrática del Congo,Ghana,10/08/2025,Local,2,2,Empate,Liga de Naciones,Nublado,33,80,4,11,54,2,2
República Democrática del Congo,Turquía,03/08/2025,Visitante,0,1,Derrota,Copa,Soleado,15,50,12,4,50,1,0
República Democrática del Congo,Ecuador,31/07/2025,Visitante,1,0,Victoria,Liga de Naciones,Caluroso,29,49,5,8,48,3,0
República Democrática del Congo,Colombia,23/07/2025,Visitante,1,0,Victoria,Liga de Naciones,Soleado,16,81,12,5,42,1,1
República Democrática del Congo,Marruecos,14/07/2025,Visitante,1,3,Derrota,Liga de Naciones,Caluroso,35,36,5,5,46,1,0
República Democrática del Congo,Irán,08/07/2025,Local,1,2,Derrota,Copa,Caluroso,32,49,10,6,41,1,2
República Democrática del Congo,Uruguay,29/06/2025,Local,2,3,Derrota,Eliminatoria,Frio,11,61,8,6,46,2,0
República Democrática del Congo,Túnez,24/06/2025,Local,2,2,Empate,Eliminatoria,Caluroso,29,64,7,8,50,1,0
República Democrática del Congo,Uzbekistán,17/06/2025,Visitante,3,0,Victoria,Eliminatoria,Soleado,29,39,12,6,55,0,1
República Democrática del Congo,Países Bajos,11/06/2025,Visitante,0,1,Derrota,Liga de Naciones,Frio,11,76,3,3,43,0,0
República Democrática del Congo,Haití,03/06/2025,Visitante,1,0,Victoria,Eliminatoria,Nublado,29,57,14,8,54,0,0
República Democrática del Congo,Jordania,29/05/2025,Visitante,2,1,Victoria,Liga de Naciones,Nublado,33,36,6,8,41,1,0
República Democrática del Congo,Irán,22/05/2025,Local,1,1,Empate,Copa,Caluroso,36,66,10,8,65,1,0
República Democrática del Congo,Portugal,12/05/2025,Local,0,1,Derrota,Copa,Nublado,10,69,6,7,51,1,0
Senegal,Cabo Verde,2026-05-29,Visitante,3,0,Victoria,Oficial,Nublado,17,83,5,10,51,3,2
Senegal,Sudáfrica,2026-05-19,Visitante,3,1,Victoria,Amistoso,Nublado,23,85,7,9,52,3,0
Senegal,Argelia,2026-05-07,Visitante,1,1,Empate,Oficial,Frio,7,51,7,6,40,1,0
Senegal,Marruecos,2026-04-28,Local,1,0,Victoria,Liga de Naciones,Soleado,20,42,8,8,56,0,0
Senegal,Ghana,2026-04-16,Visitante,0,0,Empate,Amistoso,Lluvia,23,91,3,7,52,2,0
Senegal,Costa de Marfil,2026-04-05,Visitante,2,1,Victoria,Eliminatoria,Soleado,29,64,7,8,56,0,0
Senegal,Egipto,2026-03-24,Local,0,1,Derrota,Copa,Soleado,25,69,6,5,49,1,0
Senegal,Alemania,2026-03-13,Visitante,1,1,Empate,Eliminatoria,Nublado,21,63,6,3,51,3,0
Senegal,Canadá,2026-03-04,Local,2,2,Empate,Oficial,Soleado,21,62,7,7,44,0,0
Senegal,Uzbekistán,2026-02-21,Visitante,1,0,Victoria,Oficial,Soleado,19,58,9,9,46,2,0
Senegal,Costa de Marfil,11/02/2026,Local,1,0,Victoria,Liga de Naciones,Caluroso,32,63,8,6,52,0,0
Senegal,Canadá,03/02/2026,Local,1,0,Victoria,Copa,Nublado,16,45,4,12,58,1,1
Senegal,Sudáfrica,31/01/2026,Visitante,1,1,Empate,Eliminatoria,Soleado,28,71,12,9,53,1,0
Senegal,Cabo Verde,21/01/2026,Visitante,1,0,Victoria,Copa,Lluvia,25,71,10,7,44,0,0
Senegal,Suecia,15/01/2026,Local,1,1,Empate,Oficial,Frio,13,83,14,6,61,1,1
Senegal,Cabo Verde,08/01/2026,Visitante,3,0,Victoria,Eliminatoria,Soleado,28,69,12,6,53,1,1
Senegal,Suecia,31/12/2025,Local,1,2,Derrota,Oficial,Frio,12,71,6,8,55,0,0
Senegal,España,26/12/2025,Visitante,2,4,Derrota,Copa,Frio,10,51,6,10,50,1,1
Senegal,Brasil,19/12/2025,Visitante,3,0,Victoria,Eliminatoria,Frio,3,41,7,10,51,0,1
Senegal,Paraguay,09/12/2025,Visitante,1,1,Empate,Oficial,Frio,10,74,7,6,66,1,0
Senegal,Egipto,05/12/2025,Visitante,1,1,Empate,Liga de Naciones,Soleado,6,85,3,7,52,0,0
Senegal,Curazao,27/11/2025,Local,0,0,Empate,Oficial,Nublado,34,86,7,5,60,0,0
Senegal,Noruega,22/11/2025,Visitante,0,0,Empate,Oficial,Soleado,31,80,9,6,49,3,1
Senegal,Suiza,11/11/2025,Local,1,1,Empate,Eliminatoria,Caluroso,36,82,7,7,62,0,0
Senegal,Paraguay,07/11/2025,Local,3,0,Victoria,Liga de Naciones,Nublado,18,52,12,9,54,0,1
Senegal,Uruguay,30/10/2025,Visitante,2,0,Victoria,Copa,Caluroso,35,64,6,7,45,4,0
Senegal,Uzbekistán,21/10/2025,Local,4,1,Victoria,Eliminatoria,Soleado,27,74,5,8,42,0,1
Senegal,Paraguay,14/10/2025,Local,3,3,Empate,Oficial,Soleado,28,66,10,5,59,1,0
Senegal,Uruguay,08/10/2025,Visitante,1,1,Empate,Liga de Naciones,Nublado,10,72,3,4,45,1,0
Senegal,Alemania,02/10/2025,Local,2,0,Victoria,Eliminatoria,Soleado,32,86,3,5,44,2,0
Senegal,Arabia Saudita,27/09/2025,Visitante,1,1,Empate,Liga de Naciones,Caluroso,36,61,12,10,41,0,0
Senegal,Brasil,17/09/2025,Visitante,1,1,Empate,Oficial,Soleado,28,53,7,3,60,2,0
Senegal,Noruega,11/09/2025,Visitante,2,2,Empate,Oficial,Lluvia,32,76,6,11,47,1,0
Senegal,Ghana,05/09/2025,Visitante,0,3,Derrota,Eliminatoria,Frio,5,58,6,7,45,0,0
Senegal,Austria,26/08/2025,Local,1,0,Victoria,Oficial,Soleado,33,52,10,10,46,0,0
Senegal,Australia,20/08/2025,Local,1,0,Victoria,Eliminatoria,Lluvia,18,94,8,7,66,2,0
Senegal,Brasil,12/08/2025,Local,0,1,Derrota,Liga de Naciones,Lluvia,15,75,5,4,61,2,0
Senegal,Bélgica,08/08/2025,Local,0,1,Derrota,Copa,Lluvia,26,84,12,7,65,0,0
Senegal,Marruecos,02/08/2025,Local,0,1,Derrota,Liga de Naciones,Lluvia,7,77,4,6,49,2,0
Senegal,Bélgica,24/07/2025,Local,0,1,Derrota,Eliminatoria,Caluroso,26,60,6,5,47,0,0
Senegal,Costa de Marfil,18/07/2025,Visitante,1,1,Empate,Liga de Naciones,Nublado,23,84,3,8,55,1,0
Senegal,Arabia Saudita,09/07/2025,Local,1,0,Victoria,Amistoso,Frio,11,53,7,11,48,3,0
Senegal,Turquía,05/07/2025,Local,3,1,Victoria,Liga de Naciones,Lluvia,31,67,4,9,58,1,1
Senegal,Irak,28/06/2025,Visitante,3,2,Victoria,Liga de Naciones,Caluroso,27,76,6,13,49,0,1
Senegal,Egipto,18/06/2025,Visitante,0,2,Derrota,Liga de Naciones,Nublado,11,53,9,1,52,0,1
Senegal,Corea del Sur,14/06/2025,Visitante,1,0,Victoria,Eliminatoria,Caluroso,30,67,3,4,47,1,0
Senegal,Japón,04/06/2025,Visitante,0,0,Empate,Copa,Frio,5,75,4,5,30,1,1
Senegal,República Checa,28/05/2025,Visitante,2,0,Victoria,Amistoso,Lluvia,24,92,14,9,50,0,0
Senegal,Australia,23/05/2025,Local,5,0,Victoria,Eliminatoria,Lluvia,18,79,5,10,49,3,0
Senegal,Jordania,16/05/2025,Visitante,2,2,Empate,Eliminatoria,Soleado,16,56,10,9,48,0,1
Sudáfrica,Costa de Marfil,2026-05-28,Local,1,1,Empate,Eliminatoria,Lluvia,18,70,9,3,39,2,0
Sudáfrica,Senegal,2026-05-19,Local,0,3,Derrota,Eliminatoria,Lluvia,20,84,8,4,45,1,0
Sudáfrica,Ghana,2026-05-07,Visitante,3,2,Victoria,Amistoso,Nublado,19,67,7,9,50,3,0
Sudáfrica,Cabo Verde,2026-04-25,Local,2,0,Victoria,Liga de Naciones,Soleado,26,40,4,6,50,3,0
Sudáfrica,Egipto,2026-04-15,Visitante,0,0,Empate,Eliminatoria,Nublado,17,68,9,6,50,3,0
Sudáfrica,Argelia,2026-04-06,Visitante,2,2,Empate,Eliminatoria,Lluvia,22,91,6,8,40,3,0
Sudáfrica,República Democrática del Congo,2026-03-26,Local,3,1,Victoria,Oficial,Soleado,28,56,7,9,50,2,0
Sudáfrica,Noruega,2026-03-13,Visitante,0,2,Derrota,Amistoso,Nublado,14,72,4,4,41,0,0
Sudáfrica,Curazao,2026-03-03,Local,1,0,Victoria,Copa,Lluvia,15,73,7,8,57,1,0
Sudáfrica,Portugal,2026-02-21,Local,1,2,Derrota,Eliminatoria,Lluvia,24,74,7,5,44,0,2
Sudáfrica,Austria,12/02/2026,Local,1,0,Victoria,Liga de Naciones,Frio,10,61,10,7,53,0,1
Sudáfrica,República Democrática del Congo,04/02/2026,Local,2,2,Empate,Amistoso,Caluroso,29,43,4,5,54,0,1
Sudáfrica,Croacia,29/01/2026,Visitante,0,1,Derrota,Oficial,Lluvia,7,68,12,6,32,1,1
Sudáfrica,Inglaterra,24/01/2026,Visitante,0,1,Derrota,Copa,Nublado,6,83,8,2,35,1,1
Sudáfrica,Jordania,13/01/2026,Local,3,0,Victoria,Oficial,Nublado,20,56,3,11,59,0,1
Sudáfrica,Noruega,09/01/2026,Visitante,0,1,Derrota,Eliminatoria,Frio,13,68,7,6,43,0,0
Sudáfrica,Irak,02/01/2026,Local,0,1,Derrota,Amistoso,Frio,11,44,5,3,53,2,2
Sudáfrica,Escocia,24/12/2025,Visitante,1,3,Derrota,Liga de Naciones,Frio,5,38,10,4,47,1,0
Sudáfrica,Alemania,17/12/2025,Visitante,0,3,Derrota,Liga de Naciones,Nublado,16,77,9,7,51,1,1
Sudáfrica,Japón,12/12/2025,Visitante,0,4,Derrota,Oficial,Soleado,30,82,12,5,54,1,0
Sudáfrica,Corea del Sur,05/12/2025,Local,2,1,Victoria,Copa,Frio,8,71,14,7,37,1,1
Sudáfrica,Uruguay,29/11/2025,Local,1,0,Victoria,Eliminatoria,Caluroso,26,43,14,5,46,0,0
Sudáfrica,Portugal,19/11/2025,Local,1,1,Empate,Eliminatoria,Soleado,18,54,6,5,36,1,0
Sudáfrica,República Democrática del Congo,15/11/2025,Local,0,2,Derrota,Oficial,Caluroso,27,76,9,4,49,0,0
Sudáfrica,Turquía,05/11/2025,Visitante,1,2,Derrota,Liga de Naciones,Frio,6,47,8,4,42,2,0
Sudáfrica,Turquía,29/10/2025,Local,1,4,Derrota,Eliminatoria,Caluroso,27,71,4,5,44,2,1
Sudáfrica,Paraguay,23/10/2025,Visitante,2,0,Victoria,Eliminatoria,Caluroso,29,70,12,11,43,2,0
Sudáfrica,República Checa,14/10/2025,Local,2,0,Victoria,Copa,Frio,11,84,9,12,66,0,1
Sudáfrica,Turquía,11/10/2025,Visitante,2,1,Victoria,Oficial,Frio,12,68,14,7,34,2,0
Sudáfrica,Noruega,04/10/2025,Local,2,1,Victoria,Eliminatoria,Caluroso,33,62,8,8,45,2,2
Sudáfrica,Jordania,25/09/2025,Local,1,3,Derrota,Eliminatoria,Frio,13,83,6,4,46,2,0
Sudáfrica,Uzbekistán,19/09/2025,Local,0,0,Empate,Oficial,Frio,11,85,14,5,44,1,1
Sudáfrica,Brasil,10/09/2025,Local,0,1,Derrota,Amistoso,Lluvia,18,78,14,6,45,0,1
Sudáfrica,Irán,04/09/2025,Visitante,0,0,Empate,Oficial,Soleado,17,88,7,6,53,1,0
Sudáfrica,Bélgica,26/08/2025,Visitante,0,1,Derrota,Amistoso,Nublado,9,72,14,3,46,1,1
Sudáfrica,Corea del Sur,20/08/2025,Visitante,1,2,Derrota,Eliminatoria,Frio,6,69,3,6,56,1,0
Sudáfrica,Argelia,16/08/2025,Visitante,3,3,Empate,Eliminatoria,Caluroso,35,37,14,10,44,2,1
Sudáfrica,Escocia,07/08/2025,Local,0,0,Empate,Oficial,Nublado,21,71,7,3,51,1,0
Sudáfrica,Costa de Marfil,30/07/2025,Local,1,1,Empate,Oficial,Lluvia,12,70,9,6,41,3,0
Sudáfrica,Senegal,26/07/2025,Visitante,2,3,Derrota,Amistoso,Lluvia,22,90,8,10,44,2,0
Sudáfrica,Irak,16/07/2025,Local,1,1,Empate,Amistoso,Caluroso,29,50,5,8,60,0,0
Sudáfrica,Inglaterra,11/07/2025,Visitante,0,1,Derrota,Eliminatoria,Caluroso,31,72,12,2,39,3,0
Sudáfrica,Bosnia y Herzegovina,03/07/2025,Visitante,0,1,Derrota,Liga de Naciones,Lluvia,22,72,9,4,33,1,0
Sudáfrica,Irán,25/06/2025,Visitante,0,4,Derrota,Oficial,Lluvia,17,75,14,2,46,2,0
Sudáfrica,Senegal,19/06/2025,Local,1,0,Victoria,Amistoso,Nublado,19,87,8,8,40,1,0
Sudáfrica,Inglaterra,11/06/2025,Visitante,1,2,Derrota,Oficial,Frio,5,76,5,10,36,2,0
Sudáfrica,Noruega,05/06/2025,Local,0,1,Derrota,Amistoso,Frio,12,46,8,3,51,1,0
Sudáfrica,Suiza,28/05/2025,Local,0,4,Derrota,Eliminatoria,Frio,4,50,4,5,50,1,1
Sudáfrica,Egipto,23/05/2025,Local,1,0,Victoria,Amistoso,Frio,7,52,3,5,49,3,0
Sudáfrica,República Democrática del Congo,14/05/2025,Visitante,2,1,Victoria,Oficial,Lluvia,16,78,5,6,47,1,0
Suecia,Suiza,2026-05-31,Visitante,0,0,Empate,Liga de Naciones,Nublado,14,79,7,3,51,2,0
Suecia,Bosnia y Herzegovina,2026-05-20,Visitante,3,1,Victoria,Amistoso,Soleado,25,50,8,8,51,3,0
Suecia,Inglaterra,2026-05-08,Local,1,0,Victoria,Liga de Naciones,Caluroso,34,43,5,4,58,1,1
Suecia,República Checa,2026-04-26,Visitante,1,0,Victoria,Eliminatoria,Nublado,22,72,5,7,45,0,1
Suecia,Escocia,2026-04-16,Local,0,2,Derrota,Amistoso,Frio,11,52,5,6,53,0,0
Suecia,Alemania,2026-04-04,Local,0,1,Derrota,Eliminatoria,Soleado,18,70,7,4,54,1,0
Suecia,Países Bajos,2026-03-26,Visitante,2,1,Victoria,Eliminatoria,Frio,4,72,8,6,37,4,1
Suecia,Irak,2026-03-15,Local,2,0,Victoria,Liga de Naciones,Nublado,19,57,9,9,43,0,0
Suecia,Irán,2026-03-02,Visitante,0,3,Derrota,Eliminatoria,Soleado,30,69,6,6,42,0,1
Suecia,Curazao,2026-02-18,Local,2,1,Victoria,Eliminatoria,Nublado,17,84,3,9,59,2,1
Suecia,México,08/02/2026,Visitante,2,2,Empate,Oficial,Soleado,30,49,4,6,35,1,0
Suecia,República Checa,03/02/2026,Local,1,0,Victoria,Eliminatoria,Soleado,7,46,14,4,61,2,1
Suecia,Austria,25/01/2026,Local,4,0,Victoria,Copa,Soleado,22,41,6,8,53,1,0
Suecia,Túnez,19/01/2026,Visitante,2,1,Victoria,Eliminatoria,Soleado,23,65,3,5,46,1,1
Suecia,Uruguay,13/01/2026,Local,1,1,Empate,Eliminatoria,Nublado,22,46,4,4,49,0,1
Suecia,Francia,06/01/2026,Visitante,2,2,Empate,Copa,Caluroso,31,65,6,10,45,1,0
Suecia,Escocia,29/12/2025,Visitante,0,3,Derrota,Amistoso,Nublado,24,41,7,9,57,1,0
Suecia,Escocia,24/12/2025,Visitante,1,2,Derrota,Liga de Naciones,Frio,10,74,8,7,44,1,0
Suecia,Paraguay,15/12/2025,Local,4,1,Victoria,Eliminatoria,Lluvia,22,91,10,9,54,1,3
Suecia,Panamá,06/12/2025,Visitante,0,0,Empate,Copa,Lluvia,14,89,6,5,51,1,0
Suecia,Colombia,30/11/2025,Visitante,0,2,Derrota,Eliminatoria,Soleado,6,79,12,5,35,2,0
Suecia,Estados Unidos,22/11/2025,Visitante,0,1,Derrota,Oficial,Caluroso,29,63,7,5,49,0,0
Suecia,Haití,16/11/2025,Visitante,2,1,Victoria,Amistoso,Caluroso,32,65,3,6,44,1,0
Suecia,Canadá,08/11/2025,Local,2,1,Victoria,Amistoso,Nublado,14,36,9,6,51,1,0
Suecia,Marruecos,02/11/2025,Local,3,0,Victoria,Liga de Naciones,Soleado,7,39,7,9,44,0,1
Suecia,Bosnia y Herzegovina,25/10/2025,Visitante,1,0,Victoria,Amistoso,Lluvia,27,82,10,6,49,1,0
Suecia,Marruecos,22/10/2025,Visitante,0,0,Empate,Amistoso,Lluvia,23,80,12,4,55,0,0
Suecia,Costa de Marfil,13/10/2025,Local,1,0,Victoria,Oficial,Soleado,14,45,9,3,66,2,0
Suecia,Cabo Verde,06/10/2025,Local,2,1,Victoria,Liga de Naciones,Nublado,23,56,14,7,47,2,0
Suecia,Ghana,01/10/2025,Local,0,0,Empate,Oficial,Frio,12,43,3,6,56,0,0
Suecia,México,21/09/2025,Visitante,3,1,Victoria,Liga de Naciones,Caluroso,33,88,12,8,40,1,0
Suecia,Corea del Sur,16/09/2025,Visitante,0,3,Derrota,Amistoso,Soleado,18,57,4,8,52,1,0
Suecia,Irán,07/09/2025,Visitante,2,0,Victoria,Eliminatoria,Frio,13,66,5,9,53,0,1
Suecia,Ghana,02/09/2025,Local,0,0,Empate,Eliminatoria,Frio,13,73,4,7,51,0,0
Suecia,Arabia Saudita,23/08/2025,Visitante,1,0,Victoria,Oficial,Nublado,34,49,14,7,53,2,0
Suecia,Catar,16/08/2025,Visitante,1,0,Victoria,Amistoso,Nublado,16,41,7,6,57,1,2
Suecia,Túnez,09/08/2025,Visitante,0,1,Derrota,Liga de Naciones,Frio,11,35,9,6,45,0,1
Suecia,Costa de Marfil,02/08/2025,Local,2,2,Empate,Eliminatoria,Lluvia,26,70,5,9,60,1,0
Suecia,Catar,26/07/2025,Visitante,4,3,Victoria,Amistoso,Lluvia,20,71,7,12,62,2,2
Suecia,Cabo Verde,23/07/2025,Local,0,0,Empate,Amistoso,Lluvia,23,73,7,8,57,1,0
Suecia,Colombia,16/07/2025,Local,0,0,Empate,Copa,Caluroso,28,61,9,3,61,0,1
Suecia,Cabo Verde,06/07/2025,Local,1,0,Victoria,Amistoso,Lluvia,33,92,5,8,75,2,0
Suecia,Paraguay,29/06/2025,Local,2,1,Victoria,Eliminatoria,Nublado,25,87,8,8,70,0,0
Suecia,Estados Unidos,21/06/2025,Local,0,1,Derrota,Amistoso,Frio,5,64,14,4,64,1,0
Suecia,Brasil,16/06/2025,Local,0,3,Derrota,Copa,Nublado,26,72,10,6,56,2,0
Suecia,Egipto,07/06/2025,Local,1,2,Derrota,Eliminatoria,Nublado,6,78,7,4,52,1,1
Suecia,Corea del Sur,02/06/2025,Visitante,1,1,Empate,Liga de Naciones,Nublado,32,82,12,11,58,0,1
Suecia,Escocia,27/05/2025,Local,2,0,Victoria,Eliminatoria,Nublado,22,75,12,10,65,0,0
Suecia,Francia,19/05/2025,Visitante,1,1,Empate,Amistoso,Caluroso,28,50,3,4,31,2,0
Suecia,Alemania,11/05/2025,Local,3,3,Empate,Liga de Naciones,Frio,12,60,6,9,51,1,0
Suiza,Austria,2026-05-31,Visitante,3,0,Victoria,Eliminatoria,Soleado,24,67,3,11,55,2,1
Suiza,Bélgica,2026-05-19,Local,1,3,Derrota,Eliminatoria,Frio,13,60,4,5,64,3,0
Suiza,Inglaterra,2026-05-08,Local,2,1,Victoria,Oficial,Nublado,21,77,7,8,48,1,0
Suiza,España,2026-04-26,Local,1,2,Derrota,Eliminatoria,Soleado,20,36,6,6,51,0,0
Suiza,Noruega,2026-04-17,Visitante,1,0,Victoria,Oficial,Frio,14,47,7,5,53,2,1
Suiza,Alemania,2026-04-05,Visitante,1,1,Empate,Amistoso,Nublado,15,58,6,5,50,0,1
Suiza,Croacia,2026-03-24,Local,1,1,Empate,Eliminatoria,Nublado,18,77,4,3,53,2,0
Suiza,Uzbekistán,2026-03-12,Local,1,0,Victoria,Eliminatoria,Caluroso,33,61,6,5,64,0,1
Suiza,Uruguay,2026-03-04,Visitante,1,0,Victoria,Eliminatoria,Nublado,16,85,6,5,48,0,1
Suiza,Jordania,2026-02-20,Local,0,0,Empate,Liga de Naciones,Soleado,22,42,6,7,56,1,0
Suiza,Portugal,09/02/2026,Local,0,2,Derrota,Oficial,Soleado,19,40,14,4,33,1,0
Suiza,Irán,04/02/2026,Visitante,1,0,Victoria,Oficial,Nublado,30,59,6,8,45,0,1
Suiza,Haití,30/01/2026,Visitante,0,4,Derrota,Eliminatoria,Nublado,34,36,12,7,48,2,0
Suiza,Ghana,22/01/2026,Local,1,0,Victoria,Eliminatoria,Nublado,6,62,6,4,39,1,2
Suiza,Países Bajos,14/01/2026,Visitante,1,1,Empate,Eliminatoria,Nublado,14,86,7,7,57,0,0
Suiza,Uzbekistán,06/01/2026,Local,3,1,Victoria,Liga de Naciones,Caluroso,35,36,8,7,63,0,1
Suiza,Portugal,01/01/2026,Local,0,1,Derrota,Copa,Caluroso,29,50,8,3,63,0,0
Suiza,Francia,23/12/2025,Visitante,0,0,Empate,Oficial,Frio,10,76,3,5,49,3,0
Suiza,Colombia,18/12/2025,Local,3,1,Victoria,Oficial,Nublado,16,52,12,11,32,3,0
Suiza,Costa de Marfil,11/12/2025,Local,1,0,Victoria,Amistoso,Soleado,15,60,7,7,47,0,1
Suiza,Uzbekistán,03/12/2025,Local,1,0,Victoria,Amistoso,Lluvia,18,66,3,8,50,1,2
Suiza,Irán,27/11/2025,Visitante,0,0,Empate,Oficial,Frio,3,55,5,4,52,0,0
Suiza,Paraguay,20/11/2025,Local,2,1,Victoria,Amistoso,Caluroso,31,49,10,8,43,0,0
Suiza,Alemania,10/11/2025,Visitante,1,3,Derrota,Amistoso,Frio,6,65,6,11,49,1,0
Suiza,Catar,05/11/2025,Visitante,3,0,Victoria,Oficial,Caluroso,30,54,5,9,49,1,0
Suiza,Egipto,31/10/2025,Local,0,1,Derrota,Eliminatoria,Nublado,14,61,8,4,50,1,1
Suiza,Canadá,24/10/2025,Visitante,0,0,Empate,Oficial,Soleado,24,48,7,4,47,3,0
Suiza,Arabia Saudita,13/10/2025,Local,1,0,Victoria,Eliminatoria,Soleado,11,40,14,8,52,1,1
Suiza,España,09/10/2025,Visitante,1,1,Empate,Copa,Lluvia,20,89,12,5,50,1,1
Suiza,Argelia,29/09/2025,Local,4,1,Victoria,Liga de Naciones,Frio,9,88,6,9,44,2,0
Suiza,Brasil,22/09/2025,Visitante,0,2,Derrota,Oficial,Frio,4,84,9,3,42,1,0
Suiza,Uruguay,18/09/2025,Visitante,1,0,Victoria,Liga de Naciones,Caluroso,28,81,3,3,47,5,1
Suiza,Costa de Marfil,12/09/2025,Local,2,1,Victoria,Copa,Frio,13,55,7,10,47,0,2
Suiza,Jordania,04/09/2025,Visitante,1,0,Victoria,Oficial,Nublado,8,66,6,7,60,4,0
Suiza,Australia,27/08/2025,Visitante,3,1,Victoria,Eliminatoria,Frio,11,50,12,12,48,0,0
Suiza,Colombia,19/08/2025,Visitante,0,1,Derrota,Eliminatoria,Nublado,23,82,6,8,48,2,1
Suiza,Irán,12/08/2025,Local,1,0,Victoria,Oficial,Caluroso,32,47,5,4,56,2,1
Suiza,Catar,06/08/2025,Local,4,0,Victoria,Liga de Naciones,Frio,4,38,7,10,53,0,0
Suiza,Senegal,31/07/2025,Visitante,7,0,Victoria,Copa,Caluroso,33,59,7,16,54,2,0
Suiza,Cabo Verde,21/07/2025,Local,2,1,Victoria,Copa,Caluroso,33,69,14,9,46,2,0
Suiza,Turquía,16/07/2025,Visitante,0,1,Derrota,Liga de Naciones,Frio,5,71,10,4,36,1,1
Suiza,Francia,11/07/2025,Visitante,2,0,Victoria,Eliminatoria,Nublado,30,55,6,6,54,1,0
Suiza,República Democrática del Congo,03/07/2025,Visitante,1,1,Empate,Eliminatoria,Lluvia,14,85,4,7,50,2,0
Suiza,Costa de Marfil,26/06/2025,Visitante,2,1,Victoria,Oficial,Caluroso,28,80,3,9,63,1,1
Suiza,Nueva Zelanda,16/06/2025,Visitante,1,2,Derrota,Eliminatoria,Caluroso,25,68,6,4,69,0,2
Suiza,Sudáfrica,10/06/2025,Local,2,1,Victoria,Liga de Naciones,Lluvia,31,74,8,9,60,2,1
Suiza,Túnez,03/06/2025,Local,0,1,Derrota,Amistoso,Lluvia,9,68,4,8,45,0,1
Suiza,Paraguay,27/05/2025,Visitante,2,0,Victoria,Liga de Naciones,Nublado,13,76,6,8,51,1,0
Suiza,Costa de Marfil,22/05/2025,Visitante,1,1,Empate,Copa,Lluvia,20,87,7,6,49,1,0
Suiza,Colombia,16/05/2025,Local,1,0,Victoria,Eliminatoria,Frio,5,56,9,8,63,1,0
Túnez,Argelia,2026-05-30,Local,0,1,Derrota,Amistoso,Frio,14,55,7,4,48,1,0
Túnez,Cabo Verde,2026-05-18,Visitante,0,0,Empate,Eliminatoria,Soleado,29,59,4,5,49,4,1
Túnez,República Democrática del Congo,2026-05-06,Local,0,0,Empate,Copa,Lluvia,16,78,9,6,48,1,1
Túnez,Senegal,2026-04-28,Visitante,2,2,Empate,Oficial,Soleado,27,37,8,6,42,1,0
Túnez,Sudáfrica,2026-04-14,Local,2,1,Victoria,Copa,Nublado,17,71,9,7,47,1,0
Túnez,Ghana,2026-04-06,Visitante,1,1,Empate,Amistoso,Lluvia,16,82,6,6,47,1,0
Túnez,Costa de Marfil,2026-03-26,Visitante,2,3,Derrota,Copa,Caluroso,35,32,4,8,38,3,1
Túnez,Irak,2026-03-12,Visitante,0,0,Empate,Eliminatoria,Nublado,18,84,6,4,44,0,0
Túnez,España,2026-03-04,Local,1,1,Empate,Eliminatoria,Soleado,18,70,7,5,39,1,1
Túnez,Jordania,2026-02-20,Visitante,3,1,Victoria,Eliminatoria,Soleado,23,55,4,8,51,1,0
Túnez,Argentina,11/02/2026,Visitante,1,1,Empate,Eliminatoria,Lluvia,22,76,4,8,43,2,0
Túnez,Estados Unidos,03/02/2026,Local,0,2,Derrota,Liga de Naciones,Nublado,22,68,4,7,47,1,0
Túnez,Ecuador,30/01/2026,Local,0,0,Empate,Liga de Naciones,Frio,12,78,10,7,42,1,1
Túnez,Inglaterra,21/01/2026,Local,2,0,Victoria,Eliminatoria,Lluvia,23,93,10,5,56,1,0
Túnez,Japón,15/01/2026,Local,4,0,Victoria,Oficial,Soleado,23,72,9,11,52,0,1
Túnez,Alemania,07/01/2026,Visitante,0,1,Derrota,Eliminatoria,Nublado,26,56,7,6,47,2,1
Túnez,Haití,30/12/2025,Local,1,1,Empate,Eliminatoria,Frio,11,49,4,6,47,0,0
Túnez,Nueva Zelanda,23/12/2025,Local,0,2,Derrota,Liga de Naciones,Caluroso,36,36,3,6,53,0,1
Túnez,Ghana,19/12/2025,Visitante,0,6,Derrota,Eliminatoria,Soleado,21,52,4,7,40,1,0
Túnez,Uruguay,12/12/2025,Visitante,1,3,Derrota,Amistoso,Caluroso,32,76,10,6,38,0,0
Túnez,Japón,02/12/2025,Visitante,0,1,Derrota,Amistoso,Soleado,9,52,3,1,46,1,0
Túnez,México,26/11/2025,Visitante,0,3,Derrota,Liga de Naciones,Caluroso,33,59,8,4,48,0,0
Túnez,Austria,20/11/2025,Visitante,2,3,Derrota,Oficial,Soleado,21,83,4,9,40,0,0
Túnez,Uzbekistán,10/11/2025,Visitante,0,0,Empate,Eliminatoria,Frio,5,56,12,5,43,0,1
Túnez,Sudáfrica,04/11/2025,Visitante,1,1,Empate,Oficial,Lluvia,24,93,9,6,54,1,0
Túnez,Ghana,30/10/2025,Local,0,2,Derrota,Liga de Naciones,Nublado,19,44,12,3,48,1,0
Túnez,Catar,23/10/2025,Visitante,1,1,Empate,Oficial,Lluvia,7,67,8,6,50,1,0
Túnez,República Democrática del Congo,15/10/2025,Local,1,1,Empate,Oficial,Lluvia,32,71,10,6,52,2,0
Túnez,Cabo Verde,08/10/2025,Local,0,1,Derrota,Copa,Caluroso,28,38,7,5,54,3,0
Túnez,Cabo Verde,03/10/2025,Visitante,0,1,Derrota,Eliminatoria,Caluroso,35,47,4,3,53,3,0
Túnez,Paraguay,23/09/2025,Local,2,4,Derrota,Liga de Naciones,Lluvia,33,80,7,8,48,1,0
Túnez,Bélgica,18/09/2025,Local,1,3,Derrota,Liga de Naciones,Nublado,10,53,10,7,58,2,3
Túnez,Ghana,09/09/2025,Local,0,0,Empate,Amistoso,Frio,13,37,9,4,51,0,0
Túnez,Brasil,03/09/2025,Local,1,1,Empate,Liga de Naciones,Frio,4,67,8,6,41,1,0
Túnez,Escocia,26/08/2025,Local,3,0,Victoria,Liga de Naciones,Lluvia,14,80,8,9,52,2,1
Túnez,Egipto,19/08/2025,Visitante,1,2,Derrota,Amistoso,Soleado,11,52,7,7,43,0,1
Túnez,Cabo Verde,14/08/2025,Visitante,3,0,Victoria,Eliminatoria,Soleado,20,60,7,9,46,0,0
Túnez,Catar,07/08/2025,Visitante,0,1,Derrota,Liga de Naciones,Nublado,25,77,9,1,49,2,1
Túnez,Alemania,01/08/2025,Local,1,1,Empate,Amistoso,Nublado,32,87,8,6,47,2,1
Túnez,Austria,25/07/2025,Local,0,2,Derrota,Liga de Naciones,Lluvia,15,76,6,5,63,0,1
Túnez,Catar,17/07/2025,Visitante,0,0,Empate,Liga de Naciones,Soleado,22,52,7,6,50,2,1
Túnez,Panamá,09/07/2025,Local,2,0,Victoria,Eliminatoria,Frio,7,46,3,9,59,1,0
Túnez,Bélgica,04/07/2025,Visitante,0,2,Derrota,Eliminatoria,Frio,8,80,9,4,40,1,0
Túnez,Irak,26/06/2025,Visitante,0,0,Empate,Oficial,Nublado,21,55,9,6,57,1,0
Túnez,Bélgica,16/06/2025,Local,0,0,Empate,Oficial,Lluvia,18,78,10,4,47,3,0
Túnez,Senegal,10/06/2025,Local,1,0,Victoria,Liga de Naciones,Soleado,6,82,14,5,45,0,0
Túnez,Catar,04/06/2025,Visitante,1,1,Empate,Liga de Naciones,Nublado,10,80,5,8,49,0,0
Túnez,Suecia,28/05/2025,Visitante,0,0,Empate,Amistoso,Lluvia,12,70,14,4,55,0,0
Túnez,Estados Unidos,21/05/2025,Visitante,0,1,Derrota,Eliminatoria,Lluvia,21,69,3,4,51,0,0
Túnez,Turquía,16/05/2025,Local,0,2,Derrota,Copa,Nublado,17,81,10,9,75,1,0
Turquía,Países Bajos,2026-05-30,Visitante,3,1,Victoria,Liga de Naciones,Soleado,23,35,6,6,51,0,0
Turquía,Bélgica,2026-05-19,Local,0,0,Empate,Oficial,Lluvia,17,78,6,5,51,1,1
Turquía,Croacia,2026-05-08,Visitante,1,0,Victoria,Liga de Naciones,Caluroso,34,45,8,7,44,1,0
Turquía,Escocia,2026-04-27,Local,1,1,Empate,Eliminatoria,Lluvia,15,80,8,4,48,4,0
Turquía,España,2026-04-14,Visitante,0,3,Derrota,Eliminatoria,Soleado,27,59,6,3,38,1,0
Turquía,Austria,2026-04-06,Visitante,0,1,Derrota,Eliminatoria,Soleado,20,62,8,8,48,2,0
Turquía,Portugal,2026-03-24,Local,0,2,Derrota,Oficial,Caluroso,32,31,3,4,44,0,0
Turquía,Irak,2026-03-15,Local,3,1,Victoria,Eliminatoria,Soleado,28,61,9,10,53,2,0
Turquía,Nueva Zelanda,2026-03-02,Visitante,1,2,Derrota,Eliminatoria,Nublado,15,60,7,7,47,0,0
Turquía,Argentina,2026-02-20,Visitante,0,2,Derrota,Eliminatoria,Lluvia,22,90,9,4,41,0,0
Turquía,Corea del Sur,09/02/2026,Visitante,1,2,Derrota,Eliminatoria,Nublado,26,75,3,8,43,2,0
Turquía,Argentina,02/02/2026,Visitante,0,3,Derrota,Oficial,Soleado,21,63,8,4,43,0,0
Turquía,Alemania,29/01/2026,Visitante,1,1,Empate,Amistoso,Nublado,17,64,3,7,51,2,0
Turquía,República Checa,23/01/2026,Local,2,4,Derrota,Eliminatoria,Caluroso,25,64,9,6,62,0,1
Turquía,Argelia,13/01/2026,Local,0,1,Derrota,Amistoso,Soleado,28,82,8,5,55,2,1
Turquía,Francia,09/01/2026,Visitante,0,1,Derrota,Eliminatoria,Soleado,28,58,3,4,51,0,0
Turquía,Panamá,31/12/2025,Local,3,1,Victoria,Amistoso,Caluroso,29,74,5,12,48,0,0
Turquía,Croacia,26/12/2025,Local,0,1,Derrota,Eliminatoria,Nublado,24,48,9,4,46,0,1
Turquía,Irak,18/12/2025,Local,1,0,Victoria,Liga de Naciones,Nublado,8,62,14,6,56,1,0
Turquía,Argentina,10/12/2025,Local,1,2,Derrota,Copa,Frio,12,87,14,5,49,0,1
Turquía,Austria,05/12/2025,Visitante,0,1,Derrota,Eliminatoria,Lluvia,32,77,6,7,58,0,0
Turquía,Cabo Verde,26/11/2025,Local,3,2,Victoria,Copa,Caluroso,26,45,9,12,68,1,1
Turquía,Senegal,20/11/2025,Visitante,1,0,Victoria,Liga de Naciones,Lluvia,18,70,12,8,40,0,0
Turquía,Egipto,14/11/2025,Local,1,0,Victoria,Eliminatoria,Caluroso,27,59,8,8,51,1,1
Turquía,Suecia,03/11/2025,Visitante,1,0,Victoria,Liga de Naciones,Soleado,18,80,6,3,35,2,1
Turquía,Inglaterra,29/10/2025,Visitante,2,2,Empate,Amistoso,Caluroso,29,87,14,6,43,1,0
Turquía,Escocia,21/10/2025,Visitante,1,1,Empate,Copa,Frio,9,83,14,8,44,1,0
Turquía,Portugal,13/10/2025,Local,0,1,Derrota,Amistoso,Lluvia,25,75,4,6,37,0,0
Turquía,Estados Unidos,06/10/2025,Visitante,2,0,Victoria,Liga de Naciones,Soleado,33,77,12,5,63,0,1
Turquía,Croacia,02/10/2025,Local,2,2,Empate,Eliminatoria,Soleado,23,75,14,9,38,1,1
Turquía,Cabo Verde,22/09/2025,Local,7,0,Victoria,Copa,Frio,8,42,14,14,51,0,1
Turquía,Senegal,17/09/2025,Visitante,3,3,Empate,Oficial,Soleado,29,39,3,9,36,0,0
Turquía,Croacia,11/09/2025,Visitante,0,1,Derrota,Copa,Nublado,28,85,6,5,52,1,0
Turquía,Colombia,02/09/2025,Visitante,2,0,Victoria,Eliminatoria,Soleado,28,45,14,8,51,0,0
Turquía,Túnez,26/08/2025,Visitante,0,2,Derrota,Eliminatoria,Lluvia,17,81,7,4,51,0,0
Turquía,Francia,18/08/2025,Local,1,0,Victoria,Eliminatoria,Frio,6,56,3,7,51,1,0
Turquía,Uzbekistán,12/08/2025,Local,2,2,Empate,Liga de Naciones,Frio,14,58,7,11,55,0,0
Turquía,Haití,07/08/2025,Local,1,2,Derrota,Oficial,Nublado,21,81,10,7,53,1,0
Turquía,Brasil,01/08/2025,Visitante,0,0,Empate,Oficial,Nublado,28,43,10,8,45,1,0
Turquía,Cabo Verde,24/07/2025,Visitante,2,1,Victoria,Oficial,Nublado,18,87,3,8,52,0,0
Turquía,Egipto,16/07/2025,Visitante,3,0,Victoria,Oficial,Caluroso,25,49,3,11,44,0,1
Turquía,Suiza,11/07/2025,Local,0,1,Derrota,Eliminatoria,Caluroso,27,42,12,5,44,0,1
Turquía,Egipto,30/06/2025,Visitante,0,2,Derrota,Copa,Nublado,32,49,12,8,50,1,1
Turquía,Curazao,26/06/2025,Local,3,0,Victoria,Oficial,Nublado,8,46,9,6,52,1,0
Turquía,Paraguay,17/06/2025,Local,0,2,Derrota,Oficial,Lluvia,25,94,3,7,54,3,1
Turquía,Ecuador,09/06/2025,Visitante,2,0,Victoria,Amistoso,Caluroso,31,50,3,5,46,1,0
Turquía,Uruguay,05/06/2025,Local,1,0,Victoria,Amistoso,Lluvia,13,84,5,7,65,3,1
Turquía,Inglaterra,28/05/2025,Visitante,0,1,Derrota,Liga de Naciones,Lluvia,26,92,8,7,48,1,1
Turquía,Inglaterra,20/05/2025,Local,1,1,Empate,Eliminatoria,Frio,3,65,7,7,51,0,1
Turquía,Costa de Marfil,13/05/2025,Local,3,1,Victoria,Liga de Naciones,Nublado,29,76,10,8,40,0,0
Uruguay,Paraguay,2026-05-28,Local,0,0,Empate,Eliminatoria,Nublado,15,76,9,5,60,2,0
Uruguay,Brasil,2026-05-20,Visitante,0,1,Derrota,Eliminatoria,Soleado,24,35,4,4,45,0,0
Uruguay,Ecuador,2026-05-06,Local,0,2,Derrota,Oficial,Soleado,23,58,5,4,57,2,0
Uruguay,Argentina,2026-04-28,Local,2,1,Victoria,Eliminatoria,Caluroso,30,46,8,5,63,0,0
Uruguay,Colombia,2026-04-14,Local,3,0,Victoria,Oficial,Soleado,23,50,6,8,51,0,2
Uruguay,Catar,2026-04-03,Visitante,1,1,Empate,Amistoso,Caluroso,28,55,6,5,57,0,0
Uruguay,Alemania,2026-03-25,Visitante,0,4,Derrota,Eliminatoria,Soleado,28,41,3,5,47,0,1
Uruguay,Escocia,2026-03-12,Local,1,1,Empate,Eliminatoria,Soleado,18,51,8,7,56,0,0
Uruguay,Croacia,2026-03-03,Visitante,0,1,Derrota,Copa,Soleado,21,65,3,7,42,1,0
Uruguay,Sudáfrica,2026-02-19,Local,2,0,Victoria,Liga de Naciones,Nublado,23,76,6,9,58,1,0
Uruguay,Curazao,08/02/2026,Visitante,2,0,Victoria,Liga de Naciones,Lluvia,31,67,9,7,45,0,0
Uruguay,República Checa,05/02/2026,Visitante,0,0,Empate,Eliminatoria,Nublado,29,47,5,6,44,1,0
Uruguay,Francia,26/01/2026,Visitante,1,4,Derrota,Amistoso,Frio,10,54,8,4,46,1,0
Uruguay,Sudáfrica,22/01/2026,Local,2,1,Victoria,Oficial,Nublado,6,64,3,11,50,0,3
Uruguay,Portugal,13/01/2026,Local,3,3,Empate,Eliminatoria,Nublado,29,71,10,10,45,0,2
Uruguay,República Checa,05/01/2026,Visitante,2,3,Derrota,Amistoso,Caluroso,29,51,10,8,46,2,0
Uruguay,Ghana,30/12/2025,Local,0,1,Derrota,Copa,Nublado,14,64,8,7,64,1,1
Uruguay,Irak,25/12/2025,Local,3,0,Victoria,Oficial,Frio,8,74,8,6,59,3,1
Uruguay,Irán,18/12/2025,Visitante,2,1,Victoria,Amistoso,Frio,11,50,10,6,46,2,0
Uruguay,Colombia,11/12/2025,Local,2,3,Derrota,Liga de Naciones,Soleado,16,50,9,9,58,0,1
Uruguay,Noruega,01/12/2025,Local,0,0,Empate,Liga de Naciones,Soleado,6,41,6,5,45,2,0
Uruguay,Irán,26/11/2025,Local,5,0,Victoria,Eliminatoria,Nublado,27,52,12,11,44,3,0
Uruguay,Panamá,19/11/2025,Visitante,3,3,Empate,Eliminatoria,Frio,4,61,8,11,44,0,1
Uruguay,Curazao,12/11/2025,Visitante,1,2,Derrota,Amistoso,Frio,6,36,3,2,55,2,0
Uruguay,Colombia,06/11/2025,Local,2,0,Victoria,Copa,Nublado,30,45,3,8,63,0,0
Uruguay,España,30/10/2025,Local,3,0,Victoria,Liga de Naciones,Caluroso,32,46,6,9,56,0,0
Uruguay,Irak,19/10/2025,Local,0,2,Derrota,Liga de Naciones,Nublado,17,65,4,6,65,0,0
Uruguay,Croacia,15/10/2025,Local,5,0,Victoria,Oficial,Caluroso,32,84,7,12,57,0,0
Uruguay,Costa de Marfil,05/10/2025,Visitante,0,0,Empate,Liga de Naciones,Frio,11,74,3,3,43,0,0
Uruguay,Turquía,29/09/2025,Local,1,2,Derrota,Oficial,Caluroso,28,44,4,8,43,0,1
Uruguay,Escocia,22/09/2025,Visitante,2,3,Derrota,Liga de Naciones,Caluroso,25,79,7,8,46,1,0
Uruguay,Paraguay,15/09/2025,Visitante,3,0,Victoria,Eliminatoria,Soleado,29,86,3,10,41,0,0
Uruguay,Argelia,11/09/2025,Local,1,0,Victoria,Liga de Naciones,Caluroso,26,81,14,5,60,0,0
Uruguay,República Checa,01/09/2025,Visitante,1,1,Empate,Oficial,Lluvia,31,88,6,9,39,2,0
Uruguay,Francia,27/08/2025,Visitante,2,0,Victoria,Amistoso,Lluvia,26,67,14,9,35,3,0
Uruguay,Argelia,19/08/2025,Visitante,1,0,Victoria,Oficial,Lluvia,8,75,3,6,38,1,0
Uruguay,Portugal,11/08/2025,Local,2,3,Derrota,Copa,Caluroso,31,57,12,8,36,4,0
Uruguay,Irak,06/08/2025,Local,0,0,Empate,Liga de Naciones,Lluvia,18,69,7,3,49,0,0
Uruguay,Colombia,28/07/2025,Local,2,1,Victoria,Copa,Nublado,14,56,6,7,49,0,1
Uruguay,República Democrática del Congo,24/07/2025,Local,2,2,Empate,Liga de Naciones,Frio,4,49,7,9,49,0,0
Uruguay,España,14/07/2025,Visitante,0,1,Derrota,Amistoso,Lluvia,13,86,10,5,65,0,0
Uruguay,México,09/07/2025,Local,1,0,Victoria,Liga de Naciones,Lluvia,23,90,4,6,57,1,0
Uruguay,Argentina,01/07/2025,Local,0,1,Derrota,Eliminatoria,Caluroso,27,83,14,5,57,0,0
Uruguay,Irán,22/06/2025,Visitante,1,0,Victoria,Copa,Frio,7,73,8,5,35,2,0
Uruguay,España,17/06/2025,Visitante,1,1,Empate,Oficial,Nublado,24,79,10,7,56,0,2
Uruguay,Corea del Sur,11/06/2025,Visitante,0,0,Empate,Oficial,Frio,4,44,14,6,49,0,0
Uruguay,Canadá,04/06/2025,Visitante,2,0,Victoria,Liga de Naciones,Lluvia,10,75,8,4,37,2,0
Uruguay,Suecia,28/05/2025,Visitante,0,1,Derrota,Liga de Naciones,Soleado,23,78,12,3,54,0,0
Uruguay,Ecuador,19/05/2025,Local,0,0,Empate,Eliminatoria,Lluvia,9,88,9,4,51,0,0
Uruguay,México,12/05/2025,Local,2,1,Victoria,Oficial,Caluroso,31,59,14,9,48,0,0
Uzbekistán,Jordania,2026-05-29,Local,0,1,Derrota,Oficial,Lluvia,18,93,5,4,49,0,2
Uzbekistán,Catar,2026-05-17,Visitante,0,2,Derrota,Eliminatoria,Lluvia,15,92,9,5,45,0,0
Uzbekistán,Japón,2026-05-06,Visitante,1,0,Victoria,Eliminatoria,Lluvia,25,82,7,6,47,1,0
Uzbekistán,Irak,2026-04-26,Visitante,4,1,Victoria,Copa,Frio,5,59,6,11,53,3,0
Uzbekistán,Irán,2026-04-16,Visitante,0,0,Empate,Liga de Naciones,Soleado,27,62,3,3,43,2,0
Uzbekistán,Corea del Sur,2026-04-05,Local,0,4,Derrota,Oficial,Caluroso,31,35,5,3,63,1,0
Uzbekistán,Arabia Saudita,2026-03-24,Visitante,0,3,Derrota,Eliminatoria,Lluvia,21,95,4,3,48,1,0
Uzbekistán,Marruecos,2026-03-12,Local,1,2,Derrota,Liga de Naciones,Nublado,14,71,9,4,50,2,0
Uzbekistán,Suecia,2026-03-04,Local,1,0,Victoria,Amistoso,Soleado,20,39,9,5,46,0,0
Uzbekistán,Alemania,2026-02-21,Visitante,0,1,Derrota,Eliminatoria,Nublado,22,56,5,3,51,1,0
Uzbekistán,Argelia,10/02/2026,Local,3,2,Victoria,Oficial,Nublado,26,43,3,10,59,0,0
Uzbekistán,Francia,03/02/2026,Local,0,3,Derrota,Liga de Naciones,Caluroso,33,65,9,6,45,1,0
Uzbekistán,Haití,30/01/2026,Local,2,1,Victoria,Oficial,Frio,4,44,6,11,42,0,1
Uzbekistán,Turquía,20/01/2026,Local,1,2,Derrota,Oficial,Lluvia,20,78,12,9,58,1,0
Uzbekistán,Japón,17/01/2026,Local,1,2,Derrota,Liga de Naciones,Caluroso,28,57,14,10,53,2,0
Uzbekistán,Irán,10/01/2026,Local,0,1,Derrota,Eliminatoria,Frio,7,78,4,4,49,0,0
Uzbekistán,Panamá,03/01/2026,Visitante,2,0,Victoria,Eliminatoria,Nublado,19,42,12,8,51,0,0
Uzbekistán,Noruega,23/12/2025,Visitante,0,2,Derrota,Copa,Nublado,9,45,4,6,47,2,0
Uzbekistán,Estados Unidos,19/12/2025,Visitante,1,4,Derrota,Amistoso,Lluvia,9,81,5,7,40,0,1
Uzbekistán,Países Bajos,09/12/2025,Local,1,2,Derrota,Amistoso,Caluroso,35,73,5,9,42,0,1
Uzbekistán,Egipto,05/12/2025,Local,2,0,Victoria,Copa,Frio,13,55,7,11,51,3,0
Uzbekistán,Cabo Verde,25/11/2025,Visitante,1,1,Empate,Copa,Nublado,10,57,4,5,37,2,0
Uzbekistán,Irak,21/11/2025,Visitante,1,2,Derrota,Eliminatoria,Frio,13,64,5,8,39,0,0
Uzbekistán,Austria,14/11/2025,Local,0,1,Derrota,Oficial,Soleado,6,63,7,7,48,2,0
Uzbekistán,Corea del Sur,05/11/2025,Visitante,0,5,Derrota,Amistoso,Lluvia,18,74,3,5,38,1,0
Uzbekistán,Paraguay,29/10/2025,Visitante,0,0,Empate,Liga de Naciones,Lluvia,17,86,6,3,39,4,0
Uzbekistán,Australia,23/10/2025,Local,2,1,Victoria,Liga de Naciones,Caluroso,29,82,7,6,48,0,0
Uzbekistán,Marruecos,16/10/2025,Local,0,2,Derrota,Oficial,Frio,10,68,12,5,56,1,1
Uzbekistán,Ghana,08/10/2025,Visitante,2,1,Victoria,Eliminatoria,Soleado,26,58,9,9,55,2,0
Uzbekistán,Panamá,30/09/2025,Local,0,2,Derrota,Liga de Naciones,Soleado,16,46,10,5,54,3,0
Uzbekistán,Sudáfrica,27/09/2025,Local,1,2,Derrota,Eliminatoria,Soleado,15,59,4,5,55,0,0
Uzbekistán,República Checa,18/09/2025,Local,2,1,Victoria,Eliminatoria,Nublado,31,49,9,7,60,0,1
Uzbekistán,Colombia,10/09/2025,Visitante,0,1,Derrota,Amistoso,Lluvia,10,66,7,6,52,0,0
Uzbekistán,Ecuador,03/09/2025,Local,0,1,Derrota,Copa,Nublado,13,61,3,3,43,1,0
Uzbekistán,Corea del Sur,28/08/2025,Local,2,1,Victoria,Copa,Caluroso,31,80,6,6,66,0,0
Uzbekistán,Costa de Marfil,19/08/2025,Visitante,1,2,Derrota,Oficial,Lluvia,21,73,5,9,54,0,1
Uzbekistán,Colombia,14/08/2025,Local,1,0,Victoria,Copa,Nublado,8,35,8,6,52,2,1
Uzbekistán,Alemania,05/08/2025,Local,0,0,Empate,Copa,Caluroso,28,79,7,7,38,0,0
Uzbekistán,Francia,02/08/2025,Local,2,3,Derrota,Eliminatoria,Caluroso,25,42,5,7,39,1,0
Uzbekistán,Japón,22/07/2025,Visitante,1,1,Empate,Copa,Frio,6,41,4,5,53,0,1
Uzbekistán,Alemania,17/07/2025,Visitante,1,4,Derrota,Copa,Frio,10,42,14,6,37,1,1
Uzbekistán,Irán,09/07/2025,Local,2,1,Victoria,Oficial,Soleado,12,52,6,6,51,1,1
Uzbekistán,Suiza,02/07/2025,Local,0,0,Empate,Oficial,Lluvia,9,66,9,5,53,2,0
Uzbekistán,Catar,26/06/2025,Local,3,0,Victoria,Eliminatoria,Nublado,30,44,6,9,49,1,1
Uzbekistán,Egipto,17/06/2025,Visitante,2,0,Victoria,Oficial,Lluvia,23,77,14,5,35,2,0
Uzbekistán,Australia,12/06/2025,Local,0,1,Derrota,Liga de Naciones,Soleado,28,35,14,9,50,0,1
Uzbekistán,Noruega,05/06/2025,Visitante,1,3,Derrota,Oficial,Nublado,21,74,3,4,55,3,0
Uzbekistán,Senegal,28/05/2025,Visitante,3,3,Empate,Oficial,Soleado,18,44,12,11,38,0,1
Uzbekistán,Turquía,22/05/2025,Local,0,1,Derrota,Copa,Lluvia,17,94,14,5,51,2,0
Uzbekistán,Nueva Zelanda,17/05/2025,Visitante,1,1,Empate,Eliminatoria,Frio,14,54,12,3,47,0,2
